"code","nom","visa_free","visa_arrival","visa_eTA"
"AF","Afghanistan","DM_HT_FM_VC","CV_KH_BO_BD_KM_DJ_GW_MO_MG_MV_MR_MZ_PW_RW_WS_SC_SO_TL_TG_TV_UG","CI"
"AL","Albania","AG_AT_BB_BY_BE_BA_BR_BG_CL_HR_CY_CZ_DK_DM_DO_EC_EE_FI_FR_GM_GE_DE_GR_HT_HK_HU_IS_ID_IL_IT_RK_LV_LI_LT_LU_MO_MK_MY_MT_FM_MD_MC_ME_NL_NO_PS_PL_PT_RO_SM_RS_SG_SK_SI_KR_ES_VC_SE_CH_TT_TR_UA_VA_AD","AM_BD_BJ_BO_KH_CV_KM_DJ_EG_GW_IR_JM_KE_KG_LA_MG_MW_MV_MR_MU_MZ_NP_PW_RW_WS_SC_SO_TZ_TL_TG_TV_UG_ZM_ZW","CI_IN_LK"
"DZ","Algeria","BJ_DM_EC_GN_HT_HK_ID_MY_ML_MR_FM_MA_PS_SN_VC_TN","BO_KH_CV_KM_DJ_GH_GW_JO_KE_LB_MO_MG_MV_MU_MZ_NP_NI_PW_RW_WS_SC_SO_TJ_TZ_TL_TG_TV_UG_YE_ZW_IR","CI_LK"
"AD","Andorra","AL_AG_AR_AM_AT_BS_BE_BZ_BO_BA_BR_BG_CL_CO_CR_HR_CY_CZ_DK_DO_EC_SV_EE_FI_FR_GM_GE_DE_GR_GT_HT_HN_HK_HU_IS_ID_IE_IL_IT_JP_RK_LV_LI_LT_LU_MO_MK_MY_MT_MX_MD_MC_ME_MA_NL_NZ_NI_NO_PA_PY_PE_PH_PL_PT_QA_RO_SM_SN_RS_SK_SI_ZA_KR_ES_LC_SZ_SE_CH_TW_TN_TR_UA_UY_VU_VA_VE_UK_BY_FM_PS_VC_ST_SG_DM","BD_KH_CV_KM_DJ_EG_GW_IR_JM_JO_KE_KW_KG_LA_LB_MG_MW_MV_MH_MR_MU_MZ_NP_OM_PW_PG_WS_SC_SB_TJ_TZ_TH_TL_TG_TV_UG_AE_ZM_BJ_RW_ZW_SO_BH","AU_CA_LK_US_CI_IN"
"AO","Angola","BJ_BW_CV_DM_EC_HT_ID_MU_FM_NA_PA_PH_ST_ZA_VC_TN_UG_ZW_SG","BD_BO_KH_KM_DJ_GH_GW_KE_LA_MO_MG_MV_MR_MZ_NP_NI_PW_RW_WS_SC_SO_TZ_TL_TG_TR_TV_ZM_IR","CI_IN_LK"
"AG","Antigua and Barbuda","AL_AT_BS_BB_BY_BE_BZ_BA_BW_BR_BG_CL_CO_CR_HR_CU_CY_CZ_DK_DM_DO_EC_SV_EE_FJ_FI_FR_GM_GE_DE_GR_GD_GT_GY_HT_HN_HK_HU_IS_ID_IE_IT_JM_KI_RK_LV_LS_LI_LT_LU_MK_MW_MY_MT_MU_FM_MC_ME_NL_NI_NO_PS_PA_PE_PH_PL_PT_RO_SM_SK_SI_ZA_KR_ES_KN_LC_VC_SR_SZ_SE_CH_TZ_TT_TN_UG_UK_VU_VA_VE_ZM_ZW_AD_SG","AM_BD_BJ_BO_KH_CV_KM_DJ_EG_GW_IR_KE_LA_LB_MO_MG_MV_MR_MZ_NP_PW_RW_WS_SC_SB_SO_TL_TG_TR_TV_UA_JO","CI_IN_LK"
"AR","Argentina","AL_AG_AM_AT_BS_BB_BY_BE_BZ_BO_BA_BW_BR_BG_CL_CO_CR_HR_CY_CZ_DK_DM_DO_EC_SV_EE_FJ_FI_FR_GE_DE_GR_GD_GT_GY_HT_HN_HK_HU_IS_ID_IE_IL_IT_JM_JP_KZ_RK_LV_LI_LT_LU_MK_MY_MT_MU_MX_FM_MC_MN_ME_MA_NL_NZ_NI_NO_PS_PA_PY_PE_PH_PL_PT_QA_RO_RU_SM_SN_RS_SK_SI_ZA_KR_ES_KN_LC_VC_SR_SZ_SE_CH_TH_TT_TN_TR_UA_AE_UK_UY_VU_VA_VE_AD_SG","BD_BJ_BF_KH_CV_KM_DJ_EG_ET_GA_GW_IR_KE_KG_LA_LB_MO_MG_MW_MV_MH_MR_MZ_NP_OM_PW_PG_RW_WS_SC_SB_SO_TJ_TZ_TL_TG_TV_UG_ZM_ZW_JO_BH","CI_IN_LK"
"AM","Armenia","AG_AL_AR_BS_BB_BY_BR_DM_EC_GE_HT_ID_IR_KZ_KG_MO_MY_FM_MD_NA_PS_PA_RU_VC_TJ_UA_UY_UZ","BD_BJ_BO_KH_CV_KM_DJ_GW_JM_JO_LA_LB_MG_MW_MV_MR_MU_MZ_NP_PW_RW_WS_SC_SO_TZ_TL_TG_TR_TV_UG_ZW","CI_IN_LK"
"AU","Australia","BG_BW_BA_BO_BZ_BE_BY_BB_BS_AT_AM_AG_AL_CL_CO_CR_HR_CY_CZ_DK_DM_DO_EC_SV_EE_FJ_FI_FR_GM_GE_DE_GR_GD_GT_GY_HT_HN_HK_HU_IS_ID_IE_IL_IT_JM_JP_KZ_KI_RK_KG_LV_LS_LI_AD_LT_LU_MO_MK_MY_MT_MU_MX_FM_MD_MC_ME_MA_NA_NL_NZ_NI_NO_PS_PA_PE_PH_PL_PT_QA_RO_SM_SN_RS_SG_SK_AR_SI_ZA_KR_ES_KN_LC_VC_SZ_SE_CH_TW_TH_TN_UK_UY_VU_VA_VE","CV_KH_BF_BN_BJ_BD_BH_KM_DJ_EG_ET_GA_GW_IR_JO_KE_KW_LA_LB_MG_MW_MV_MH_MR_MZ_NP_OM_PW_PG_PY_RW_WS_SC_SB_SO_TJ_TZ_TL_TG_TO_TT_TR_TV_UG_UA_AE_ZM_ZW","CA_CI_IN_LK_US"
"AT","Austria","AL_AD_AG_AR_AM_BS_ST_BB_BE_BZ_BO_BA_BW_BR_BN_BG_CL_CO_CR_HR_CY_CZ_DK_DM_DO_EC_SV_EE_FJ_FI_FR_GM_GE_DE_GR_GD_GT_GY_HT_HN_HK_HU_IS_ID_IE_IL_IT_JM_JP_KI_RK_KG_LV_LS_LI_LT_LU_MO_MK_MY_MT_MH_MU_MX_MD_MC_ME_MA_NA_NL_NZ_NI_NO_PW_PA_PY_PE_PH_PL_PT_QA_RO_WS_SM_SN_RS_SG_SK_SI_SB_ZA_KR_ES_KN_LC_VC_SZ_SE_CH_TW_TH_TL_TO_TT_TN_TV_UA_AE_UY_VU_VA_VE_UK_BY_KZ_FM_PS","BD_BF_KH_CV_KM_DJ_EG_ET_GW_IR_JO_KE_KW_LA_LB_MG_MW_MV_MR_MZ_NP_OM_PG_SC_SR_TJ_TZ_TG_TR_UG_ZM_ZW_BJ_GA_RW_SO_BH","AU_CA_LK_US_CI_IN"
"AZ","Azerbaijan","VU_UZ_UA_TR_TJ_BY_VC_BB_BS_AM_AG_AL_RU_QA_BA_CO_DM_EC_GE_HT_ID_IR_KZ_KG_MK_MY_FM_MD_ME_NA_PS","ZW_UG_TV_TG_TL_BD_SO_SC_WS_RW_BJ_BO_KH_CV_KM_DJ_GW_JM_JO_LA_LB_MO_MG_MW_MV_MH_MR_MU_MZ_NP_NI_PW","LK_CI_IN"
"BS","Bahamas","AL_AG_AT_BB_BE_BZ_BA_BW_BR_BG_CL_CN_CO_CR_HR_CY_CZ_DK_DM_DO_EC_SV_EE_FJ_FI_FR_GM_GE_DE_GR_GD_GT_GY_HT_HN_HK_HU_IS_ID_IE_IL_IT_JM_JP_KE_KI_RK_LV_LS_LI_LT_LU_MK_MW_MY_MT_MU_MX_FM_MD_MC_ME_NL_NI_NO_PS_PA_PE_PH_PL_PT_RO_SM_SN_RS_SK_SI_ZA_KR_ES_KN_LC_VC_SR_SZ_SE_CH_TZ_TT_UG_UK_US_UY_VU_VA_ZM_ZW_AD_SG","AM_BD_BJ_BO_KH_CV_KM_DJ_EG_GW_IR_LA_LB_MO_MG_MV_MR_MZ_NP_PW_RW_WS_SC_SB_SO_TL_TG_TO_TR_TV_UA_AE_JO","CA_CI_IN_LK"
"BH","Bahrain","BW_BA_BY_BS_DM_DO_EC_EG_SV_GE_GT_HT_HN_HK_ID_JO_RK_KW_KG_LB_MY_MU_FM_MA_NZ_NI_OM_PS_PH_QA_SA_SN_RS_SG_KR_KN_VC_TH_TN_AE_VU","CV_KH_BN_BO_BJ_BD_AZ_AM_KM_DJ_GA_GW_IR_KE_LA_MO_MG_MW_MV_MR_MZ_NP_PW_RW_WS_SC_SO_TJ_TZ_TL_TG_TV_UG_UA_YE_ZW","CI_LK"
"BD","Bangladesh","BT_BB_BS_DM_FJ_GM_GD_HT_ID_JM_LS_FM_KN_VC_TT_VU","CV_KH_BO_BJ_KM_DJ_GW_KE_MG_MV_MR_MZ_NP_RW_WS_SC_SO_TL_TG_TV_UG","CI_LK"
"BB","Barbados","AL_AG_AR_AT_BS_BD_BY_BE_BZ_BA_BW_BR_BG_CL_CN_CO_CR_HR_CU_CY_CZ_DK_DM_DO_EC_SV_GQ_EE_FJ_FI_FR_GM_GE_DE_GR_GD_GT_GY_HT_HN_HK_HU_IS_ID_IE_IL_IT_JM_JP_KE_KI_RK_LV_LS_LI_LT_LU_MK_MW_MY_MT_MU_MX_FM_MD_MC_ME_NL_NI_NO_PS_PA_PE_PH_PL_PT_RO_SM_SN_RS_SK_SI_ZA_KR_ES_KN_LC_VC_SR_SZ_SE_CH_TZ_TT_TN_UG_UK_UY_VU_VA_VE_ZM_ZW_AD_SG","AM_BJ_BO_KH_CV_KM_DJ_GW_IR_LA_LB_MO_MG_MV_MH_MR_MZ_NP_PW_RW_WS_SC_SB_SO_TL_TG_TO_TR_TV_UA_JO","CA_CI_IN_LK"
"BY","Belarus","AG_AR_AM_AZ_BB_BR_CU_DM_EC_GM_GE_HT_HK_ID_IL_KZ_KG_MO_MY_FM_MD_MN_ME_NA_NI_PS_PA_PE_QA_RU_RS_VC_TJ_TR_UA_UZ_VU_VE_VN","BD_BJ_BO_KH_CV_KM_DJ_GW_IR_JM_JO_KE_LA_LB_MG_MW_MV_MR_MU_MZ_NP_PW_RW_WS_SC_SO_TZ_TL_TG_TV_UG_ZM_ZW","CI_LK"
"BE","Belgium","AL_AD_AG_AR_AM_AT_BS_ST_BB_BZ_BO_BA_BW_BR_BN_BG_CL_CO_CR_HR_CY_CZ_DK_DM_DO_EC_SV_EE_FJ_FI_FR_GM_GE_DE_GR_GD_GT_GY_HT_HN_HK_HU_IS_ID_IE_IL_IT_JM_JP_KZ_KI_RK_KG_LV_LS_LI_LT_LU_MO_MK_MY_MT_MH_MU_MX_MD_MC_ME_MA_NA_NL_NZ_NI_NO_PW_PA_PY_PE_PH_PL_PT_QA_RO_WS_SM_SN_RS_SG_SK_SI_SB_ZA_KR_ES_KN_LC_VC_SZ_SE_CH_TW_TH_TL_TO_TT_TN_TV_UA_AE_UY_VU_VA_VE_UK_BY_FM_PS","BD_BF_KH_CV_KM_DJ_EG_ET_GW_IR_JO_KE_KW_LA_LB_MG_MW_MV_MR_MZ_NP_OM_PG_SC_SR_TJ_TZ_TG_TR_UG_ZM_ZW_BJ_GA_RW_SO_BH","AU_CA_LK_US_CI_IN"
"BZ","Belize","AG_BS_BB_BW_BR_CL_CO_CR_DM_DO_EC_SV_FJ_GM_GE_GD_GT_GY_HT_HN_HK_ID_IE_IL_JM_KE_KI_RK_LS_MW_MY_MU_MX_FM_NI_PS_PA_PE_PH_ZA_KN_LC_VC_SR_SZ_TW_TZ_TT_TR_UG_UK_UY_VU_VE_ZM_ZW_SG","AM_BD_BJ_BO_KH_CV_KM_DJ_GW_IR_LA_LB_MO_MG_MV_MH_MR_MZ_NP_PW_RW_WS_SC_SB_SO_TL_TG_TV","CI_IN_LK"
"BJ","Benin","BF_CV_CF_CI_CU_DM_EC_GM_GH_GN_GW_HT_HK_ID_LR_MY_ML_MU_FM_NE_NG_PH_RW_SN_SL_ZA_VC_TG_TN_SG","BD_BO_KH_TD_KM_CG_DJ_KE_LA_MO_MG_MW_MV_MR_MZ_NP_NI_PW_WS_SC_SO_LC_TZ_TL_TR_TV_UG_IR","LK"
"BT","Bhutan","BD_CO_DM_EC_GM_HT_HK_IN_ID_FM_PS_PA_PH_SG_VC","CV_KH_BO_BJ_AM_KM_DJ_EG_GW_IR_JO_KE_KW_LA_LB_MO_MG_MW_MV_MR_MU_MZ_NP_NI_PW_RW_WS_SC_SO_LC_TZ_TH_TL_TG_TV_UG_ZM_ZW","CI_LK"
"BO","Bolivia","AR_BS_BZ_BR_CL_CO_CR_DM_DO_EC_GM_HT_HK_ID_IR_IE_JM_MY_FM_PS_PA_PY_PE_PH_QA_RU_RS_ZA_KN_VC_TR_UY_VE_SG","AM_BD_BJ_KH_CV_KM_DJ_EG_GW_KE_LA_MO_MG_MW_MV_MR_MU_MZ_NP_NI_OM_PW_RW_WS_SC_SO_LC_SR_TZ_TL_TG_TV_UG_ZM_JO_BH","CI_IN_LK"
"BA","Bosnia and Herzegovina","AL_AT_BS_BY_BE_BR_BG_CL_CO_HR_CU_CY_CZ_DK_DM_DO_EC_EE_FI_FR_GM_GE_DE_GR_HT_HK_HU_IS_ID_IT_KG_LV_LI_LT_LU_MO_MK_MY_MT_FM_MD_MC_ME_NL_NO_PS_PA_PL_PT_RO_RU_SM_RS_SG_SK_SI_KR_ES_LC_VC_SZ_SE_CH_TT_TN_TR_UA_VA_AD","AM_BD_BJ_BO_KH_CV_KM_DJ_GW_IR_JM_JO_KE_LA_MG_MW_MV_MR_MU_MZ_NP_PW_RW_WS_SC_SO_TZ_TL_TG_TV_UG_ZM_ZW","CI_IN_LK"
"BW","Botswana","AG_BS_BD_BB_BZ_BJ_DM_DO_EC_FJ_GM_GE_GD_GY_HT_HK_ID_IE_IL_JM_KE_RK_LS_MK_MW_MY_MU_FM_MZ_NA_PA_PH_SN_ZA_KN_LC_VC_SZ_TZ_TT_UK_VU_ZM_ZW_SG","BO_KH_CV_KM_DJ_GH_GW_LA_MO_MG_MV_MR_NP_PW_RW_WS_SC_SO_TL_TG_TR_TV_UG_SS_IR","CI_IN_LK"
"BR","Brazil","AL_AG_AR_AM_AT_BS_BB_BY_BE_BZ_BO_BA_BW_BG_CL_CO_CR_HR_CY_CZ_DK_DM_DO_EC_SV_EE_FJ_FI_FR_GE_DE_GR_GD_GT_GY_HT_HN_HK_HU_IS_ID_IE_IL_IT_JM_KZ_RK_LV_LI_LT_LU_MO_MK_MY_MT_MU_MX_FM_MC_MN_ME_MA_NA_NL_NZ_NI_NO_PS_PA_PY_PE_PH_PL_PT_QA_RO_RU_SM_ST_SN_RS_SK_SI_ZA_KR_ES_KN_LC_VC_SR_SZ_SE_CH_TH_TT_TN_TR_UA_UK_UY_VU_VA_VE_AD_SG","BJ_BF_KH_CV_KM_DJ_EG_ET_GA_GW_IR_KE_KG_LA_LB_MG_MW_MV_MH_MR_MZ_NP_OM_PW_PG_RW_WS_SC_SB_SO_TJ_TZ_TL_TG_TO_TV_UG_ZM_ZW_JO_BH","CI_IN_LK"
"BN","Brunei","KH_BG_BW_BA_BZ_BE_BB_BS_AT_AG_AL_CN_CO_CR_HR_CY_CZ_DK_DM_DO_EC_SV_EE_FJ_FI_FR_GM_GE_DE_GR_GD_GT_HT_HN_HK_HU_IS_ID_IE_IT_JM_JP_KE_RK_KG_LA_LV_LS_LI_AD_LT_LU_MO_MK_MY_MT_MU_FM_MC_ME_MM_NL_NZ_NI_NO_PS_PA_PE_PH_PL_PT_QA_RO_SM_SN_SG_SK_SI_KR_ES_KN_LC_VC_SZ_SE_CH_TW_TZ_TH_TT_TN_TR_UA_UK_VU_VA_VN","CV_BO_BJ_BD_AM_BH_KM_DJ_EG_GW_IR_JO_KW_MG_MW_MV_MH_MR_MZ_NP_OM_PW_PG_RW_WS_SC_SB_SO_TJ_TL_TG_TO_TV_UG_AE_ZM_ZW","CA_AU_CI_IN_LK_US"
"BG","Bulgaria","AL_AD_AG_AR_AM_AT_BS_ST_BB_BE_BZ_BA_BW_BR_BN_CL_CO_CR_HR_CY_CZ_DK_DM_DO_EC_SV_EE_FJ_FI_FR_GM_GE_DE_GR_GD_GT_HT_HN_HK_HU_IS_ID_IE_IL_IT_JP_KI_RK_LV_LI_LT_LU_MO_MK_MY_MT_MH_MU_MX_MD_MC_ME_MA_NL_NZ_NI_NO_PW_PA_PY_PE_PH_PL_PT_QA_RO_WS_SM_SN_RS_SG_SK_SI_SB_KR_ES_KN_LC_VC_SE_CH_TW_TL_TO_TT_TN_TR_TV_UA_AE_UY_VU_VA_VE_UK_BY_KZ_FM_PS","BD_BO_KH_CV_KM_DJ_EG_GW_IR_JM_JO_KE_KW_KG_LA_LB_MG_MW_MV_MR_MZ_NP_OM_PG_SC_TJ_TZ_TH_TG_UG_ZM_BJ_GA_RW_ZW_SO_BH","LK_CA_CI_IN"
"BF","Burkina Faso","BD_BJ_CV_CF_TD_CI_DM_EC_GM_GH_GN_GW_HT_HK_ID_LR_ML_FM_NE_NG_PH_SN_SL_VC_TG_TN_SG","BO_KH_KM_CG_DJ_KE_LA_MO_MG_MV_MR_MU_MZ_NP_NI_PW_RW_WS_SC_SO_LC_TZ_TL_TR_TV_UG_IR","LK"
"BI","Burundi","BJ_CF_CD_DM_EC_HT_ID_KE_MU_FM_PH_RW_SN_VC_UG_SG","BD_BO_KH_CV_KM_DJ_GH_GW_MO_MG_MV_MR_MZ_NP_NI_PW_WS_SC_SO_LC_TZ_TL_TG_TR_TV_ZM_ZW_IR","CI_IN_LK"
"KH","Cambodia","BN_DM_EC_GM_HT_ID_LA_MY_FM_MM_PS_PA_PH_SG_VC_TH_VN","CV_BO_BJ_BD_AM_KM_DJ_EG_GW_IR_KE_KW_MO_MG_MW_MV_MR_MU_MZ_NP_NI_PW_RW_WS_SC_SO_LC_TZ_TL_TG_TV_UG_ZM","CI_IN_LK"
"CM","Cameroon","BJ_CF_TD_CG_DM_EC_GQ_GD_HT_LS_ML_FM_NG_PH_SN_VC_VU_SG","BD_BO_KH_CV_KM_DJ_GH_GW_MO_MG_MV_MR_MU_MZ_PW_RW_WS_SC_SO_LC_TZ_TL_TG_TR_TV_UG_IR","CI_IN"
"CA","Canada","AL_AG_AR_AT_BS_BB_BY_BE_BZ_BO_BA_BW_BN_BG_CL_CO_CR_HR_CY_CZ_DK_DM_DO_EC_SV_EE_FJ_FI_FR_GM_GE_DE_GR_GD_GT_GY_HT_HN_HK_HU_IS_ID_IE_IL_IT_JM_JP_KZ_KI_RK_KG_LV_LS_LI_LT_LU_MO_MK_MY_MT_MU_MX_FM_MD_MC_MN_ME_MA_NA_NL_NZ_NI_NO_PS_PA_PE_PH_PL_PT_QA_RO_SM_ST_SN_RS_SG_SK_SI_ZA_KR_ES_KN_LC_VC_SZ_SE_CH_TW_TH_TT_TN_UA_UK_US_UY_VU_VA_VE_AD","AM_BD_BJ_BF_KH_CV_KM_DJ_EG_ET_GA_GW_KE_KW_LA_LB_MG_MW_MV_MH_MR_MZ_NP_OM_PW_PG_PY_RW_WS_SC_SB_SO_SR_TJ_TZ_TL_TG_TO_TR_TV_UG_AE_ZM_ZW_JO_BH","AU_CI_IN_LK"
"CV","Cape Verde","BS_BJ_BF_CI_DM_EC_GM_GH_GN_GW_HT_HK_ID_LR_MO_MY_ML_MU_FM_NE_NG_PS_PA_PH_ST_SN_SL_ZA_VC_TG_TN_SG","BD_BO_KH_KM_DJ_JO_KE_LA_MG_MW_MV_MH_MR_MZ_NP_NI_PW_RW_WS_SC_SO_LC_TZ_TL_TR_TV_UG_ZM_ZW_IR","IN_LK"
"CF","Central African Republic","BJ_BF_CM_TD_CG_CI_DM_EC_GQ_HT_IL_FM_PS_PH_RW_SN_VC_SG","BD_BO_KH_CV_KM_DJ_GH_GW_KE_LA_MO_MG_MV_MR_MU_MZ_NP_NI_PW_WS_SC_SO_TZ_TL_TG_TR_TV_UG_IR","LK"
"TD","Chad","BJ_CM_CF_CG_CI_DM_EC_GQ_HT_HK_ID_MY_ML_MU_FM_NE_NG_PH_RW_SN_VC_SG","BD_BO_BF_KH_CV_KM_DJ_GH_GW_KE_LA_MO_MG_MV_MR_MZ_NP_NI_PW_WS_SC_SO_TL_TG_TR_TV_UG_IR","LK"
"CL","Chile","AL_AG_AR_AT_BS_BB_BY_BE_BZ_BO_BA_BW_BR_BG_CO_CR_HR_CY_CZ_DK_DM_DO_EC_SV_EE_FJ_FI_FR_GE_DE_GR_GD_GT_GY_HT_HN_HK_HU_IS_ID_IE_IL_IT_JM_JP_KZ_RK_LV_LI_LT_LU_MO_MK_MY_MT_MU_MX_FM_MD_MC_ME_MA_NL_NZ_NI_NO_PS_PA_PY_PE_PH_PL_PT_QA_RO_RU_SM_RS_SK_SI_ZA_KR_ES_KN_LC_VC_SZ_SE_CH_TW_TH_TT_TN_TR_UA_UK_UY_VU_VA_VE_VN_AD_SG","AM_BD_BJ_KH_CV_KM_DJ_EG_GW_IR_KE_KG_LA_LB_MG_MW_MV_MH_MR_MZ_NP_OM_PW_PG_RW_WS_SC_SB_SO_SR_TJ_TZ_TL_TG_TV_UG_AE_ZM_ZW_JO_BH","CA_CI_IN_LK_US"
"CN","China","BB_BS_AG_DM_EC_EG_GQ_FJ_GD_HT_ID_JM_MU_FM_MA_PS_QA_RS_KN_TN_VU","CV_KH_BN_BO_BJ_BD_AZ_AM_BH_KM_DJ_ET_GA_GW_IR_JO_KE_LA_LB_MO_MG_MW_MV_MR_MZ_NP_PW_RW_WS_ST_SC_SO_SR_TZ_TH_TL_TG_TO_TV_UG_UA_AE","CI_IN_LK"
"CO","Colombia","AR_AT_BS_BB_BE_BZ_BO_BA_BR_BG_CL_HR_CY_CZ_DK_DM_DO_EC_SV_EE_FJ_FI_FR_GE_DE_GR_GT_GY_HN_HK_HU_IS_IL_IT_JM_RK_LV_LI_LT_LU_MT_MX_FM_MC_ME_NL_NO_PS_PA_PY_PE_PH_PL_PT_QA_RO_RU_SM_RS_SK_SI_KR_ES_KN_VC_SE_CH_TT_TR_UY_VA_VE_AD_SG","AM_BD_BF_KH_CV_KM_DJ_EG_GW_KE_LA_MO_MG_MV_MH_MR_MU_MZ_NP_NI_OM_PW_RW_WS_SC_SO_SR_TZ_TL_TG_TV_UG_ZM_BH","CI_IN_LK"
"KM","Comoros","BJ_DM_EC_HT_HK_ID_MW_MY_FM_PA_PH_SN_VC_TN_UG_SG","BD_BO_BF_KH_CV_DJ_GH_GW_KE_LA_LB_MO_MG_MV_MR_MU_MZ_NP_NI_PW_RW_WS_SC_SO_LC_TZ_TL_TG_TR_TV_ZM_ZW_IR","CI_IN_LK"
"CG","Congo","BJ_CM_CF_TD_CD_CI_DM_EC_GQ_HT_MU_FM_MA_PH_ST_SN_VC_SG","BD_BO_KH_CV_KM_DJ_GH_GW_KE_MO_MG_MW_MV_MR_MZ_NP_PW_RW_WS_SC_SO_TZ_TL_TG_TR_TV_UG_ZM_IR",""
"CD","Congo (Dem. Rep.)","BJ_BI_CF_DM_EC_HT_MU_FM_PH_RW_ST_SN_VC_ZW_SG","BD_BO_BF_KH_CV_KM_DJ_GH_GW_KE_MO_MG_MV_MR_MZ_NP_PW_WS_SC_SO_TZ_TL_TG_TR_TV_UG_ZM_IR","CI"
"CR","Costa Rica","AL_AR_AT_BS_BB_BE_BZ_BO_BA_BW_BR_BG_CL_CO_HR_CY_CZ_DK_DM_DO_EC_SV_EE_FI_FR_GE_DE_GR_GD_GT_GY_HT_HN_HK_HU_IS_ID_IE_IL_IT_JM_JP_RK_LV_LI_LT_LU_MK_MY_MT_MX_FM_MC_ME_NL_NI_NO_PS_PA_PY_PE_PH_PL_PT_QA_RO_SM_SN_RS_SK_SI_ZA_KR_ES_KN_LC_VC_SE_CH_TT_TN_TR_UK_UY_VA_VE_AD_SG","AM_BD_BJ_KH_CV_KM_DJ_EG_GW_IR_KE_LA_LB_MO_MG_MW_MV_MH_MR_MU_MZ_NP_PW_RW_WS_SC_SO_SR_TZ_TL_TG_TV_UG_ZM_ZW_JO","CI_IN_LK"
"CI","Cote d'Ivoire (Ivory Coast)","BJ_BF_CV_CF_TD_DM_EC_GM_GH_GN_GW_HT_ID_LR_ML_MR_FM_MA_NE_NG_PH_SN_SL_VC_TG_TN_SG","BD_BO_KH_KM_CG_DJ_KE_LB_MO_MG_MW_MV_MU_MZ_NP_NI_PW_RW_WS_SC_SO_LC_TZ_TL_TR_TV_UG_IR","IN"
"HR","Croatia","AL_AD_AG_AR_AM_AT_BS_ST_BB_BE_BZ_BO_BA_BW_BR_BG_CL_CO_CR_CY_CZ_DK_DM_DO_EC_SV_EE_FI_FR_GM_GE_DE_GR_GD_GT_HT_HN_HK_HU_IS_ID_IE_IL_IT_JP_RK_KG_LV_LI_LT_LU_MO_MK_MY_MT_MH_MU_MX_MD_MC_ME_MA_NL_NZ_NI_NO_PW_PA_PY_PE_PH_PL_PT_RO_WS_SM_SN_RS_SG_SK_SI_SB_KR_ES_VC_SZ_SE_CH_TW_TL_TO_TT_TN_TV_UA_AE_UY_VU_VA_VE_UK_BY_BN_KZ_KI_FM_PS_QA_KN_LC","BD_KH_CV_KM_DJ_EG_GW_IR_JM_JO_KE_LA_LB_MG_MW_MV_MR_MZ_NP_OM_PG_SC_TJ_TZ_TG_TR_UG_ZM_BJ_GA_KW_RW_ZW_SO_BH","CA_LK_CI_IN"
"CU","Cuba","AG_BB_BY_BW_DM_GM_GD_GN_GY_ID_KG_MK_MY_FM_MN_ME_NA_PS_QA_RU_RS_KN_LC_VC_TT_VU_SG","AM_BD_BJ_BO_BF_KH_CV_KM_DJ_EG_GW_IR_KE_LA_MO_MG_MV_MR_MU_MZ_NP_PW_RW_WS_SC_SO_SR_TJ_TZ_TL_TG_TV_UG_ZM_ZW","CI_IN_LK"
"CY","Cyprus","AL_AD_AG_AR_AM_AT_BS_ST_BB_BE_BZ_BA_BW_BR_BN_BG_CL_CO_CR_HR_CZ_DK_DM_DO_EC_SV_EE_FJ_FI_FR_GM_GE_DE_GR_GD_GT_HT_HN_HK_HU_IS_ID_IE_IL_IT_JM_JP_KE_KI_RK_LV_LS_LI_LT_LU_MO_MK_MY_MT_MH_MU_MX_MD_MC_ME_MA_NL_NZ_NI_NO_PW_PA_PY_PE_PH_PL_PT_QA_RO_WS_SM_RS_SG_SK_SI_SB_ZA_KR_ES_KN_LC_VC_SZ_SE_CH_TW_TZ_TL_TO_TT_TV_UG_UA_AE_UY_VU_VA_VE_ZM_ZW_UK_BY_KZ_FM_PS","BD_BO_KH_CV_KM_DJ_EG_GW_IR_JO_KW_KG_LA_LB_MG_MW_MV_MR_MZ_NP_OM_PG_SC_TJ_TH_TG_TR_BJ_GA_RW_SO_BH","CA_LK_CI_IN"
"CZ","Czechia","AL_AD_AG_AR_AM_AT_BS_ST_BB_BE_BZ_BO_BA_BW_BR_BN_BG_CL_CO_CR_HR_CY_DK_DM_DO_EC_SV_EE_FJ_FI_FR_GM_GE_DE_GR_GD_GT_HT_HN_HK_HU_IS_ID_IE_IL_IT_JM_JP_KI_RK_KG_LV_LS_LI_LT_LU_MO_MK_MY_MT_MH_MU_MX_MD_MC_ME_MA_NL_NZ_NI_NO_PW_PA_PY_PE_PH_PL_PT_RO_WS_SM_SN_RS_SG_SK_SI_SB_ZA_KR_ES_KN_LC_VC_SZ_SE_CH_TW_TH_TL_TO_TT_TN_TR_TV_UA_AE_UY_VU_VA_VE_UK_BY_KZ_FM_PS_QA","BD_BF_KH_CV_KM_DJ_EG_ET_GW_IR_JO_KE_KW_LA_LB_MG_MW_MV_MR_MZ_NP_OM_PG_SC_SR_TJ_TZ_TG_UG_ZM_ZW_BJ_GA_RW_SO_BH","CA_LK_US_CI_IN"
"DK","Denmark","AL_AD_AG_AR_AM_AT_BS_ST_BB_BE_BZ_BO_BA_BW_BR_BN_BG_CL_CO_CR_HR_CY_CZ_DM_DO_EC_SV_EE_FJ_FI_FR_GM_GE_DE_GR_GD_GT_GY_HT_HN_HK_HU_IS_ID_IE_IL_IT_JM_JP_KI_RK_KG_LA_LV_LS_LI_LT_LU_MO_MK_MY_MT_MH_MU_MX_MD_MC_ME_MA_NA_NL_NZ_NI_NO_PW_PA_PY_PE_PH_PL_PT_QA_RO_WS_SM_SN_RS_SG_SK_SI_SB_ZA_KR_ES_KN_LC_VC_SZ_SE_CH_TW_TH_TL_TO_TT_TN_TR_TV_UA_AE_UY_VU_VA_VE_VN_UK_BY_KZ_FM_PS","BD_BF_KH_CV_KM_DJ_EG_ET_GW_IR_JO_KE_KW_LB_MG_MW_MV_MR_MZ_NP_OM_PG_SC_SR_TJ_TZ_TG_UG_ZM_ZW_BJ_GA_RW_SO_BH","AU_CA_LK_US_CI_IN"
"DJ","Djibouti","BJ_DM_EC_ET_HT_HK_FM_PH_SN_VC_SG","BD_BO_BF_KH_CV_KM_GH_GW_KE_LA_LB_MO_MG_MV_MR_MU_MZ_NP_NI_PW_RW_WS_SC_SO_LC_TL_TG_TR_TV_UG_ZM_IR","CI_IN_LK"
"DM","Dominica","AG_AT_BS_BB_BY_BE_BZ_BA_BW_BR_BG_CO_CR_HR_CU_CY_CZ_DK_DO_EC_EE_FJ_FI_FR_GM_DE_GR_GD_GY_HK_HU_IS_ID_IE_IL_IT_JM_KE_RK_LV_LS_LI_LT_LU_MO_MW_MY_MT_MU_FM_MC_ME_NL_NO_PS_PA_PE_PH_PL_PT_RO_SM_SK_SI_KR_ES_KN_LC_VC_SR_SZ_SE_CH_TZ_TT_UK_UY_VU_VA_VE_ZM_AD_SG_HT","AM_BD_BJ_BO_KH_CV_KM_DJ_EG_GW_IR_LA_MG_MV_MR_MZ_NP_NI_PW_RW_WS_SC_SB_SO_TL_TG_TO_TR_TV_UG_JO_UA","CI_IN_LK"
"DO","Dominican Republic","BZ_BW_CO_EC_SV_GM_GE_GD_GT_GY_HK_ID_IL_JP_MY_FM_PS_PE_PH_QA_KR_TW_TT_SG","AM_BD_BJ_BO_KH_CV_KM_DJ_EG_GW_IR_KE_LA_LB_MO_MG_MW_MV_MR_MU_MZ_NP_NI_PW_RW_WS_SC_SB_SO_SR_TZ_TL_TG_TR_TV_UG_ZM_ZW_JO","CI_IN_LK"
"EC","Ecuador","AR_BS_BY_BZ_BO_BR_CL_CN_CO_DM_DO_SV_GM_GE_GY_HT_HN_HK_ID_IL_JM_KZ_MY_FM_MD_ME_NI_PS_PA_PY_PE_PH_QA_RU_ZA_KR_KN_VC_TT_TR_UY_VE_SG","AM_BD_BJ_KH_CV_KM_DJ_EG_GW_IR_KE_LA_MO_MG_MW_MV_MR_MU_MZ_NP_OM_PW_PG_RW_WS_SC_SO_LC_SR_TZ_TL_TG_TV_UG_ZM_ZW_JO_BH","CI_IN_LK"
"EG","Egypt","BJ_DM_EC_GN_HT_HK_ID_JO_MO_MY_MU_FM_PS_SN_KR_KN_VC_IR","BO_BF_KH_CV_KM_DJ_GH_GW_KE_LA_LB_MG_MV_MH_MR_MZ_NP_NI_PW_RW_WS_SC_SO_TJ_TZ_TL_TG_TR_TV_UG_YE_ZW","CI"
"SV","El Salvador","AL_AR_AT_BS_BB_BY_BE_BZ_BA_BR_BG_CL_CO_CR_HR_CY_CZ_DK_DM_DO_EC_EE_FI_FR_GE_DE_GR_GT_HT_HN_HK_HU_IS_ID_IE_IL_IT_JM_JP_RK_LV_LI_LT_LU_MK_MY_MT_FM_MC_ME_NL_NI_NO_PS_PA_PY_PH_PL_PT_RO_RU_SM_SN_SK_SI_KR_ES_KN_VC_SE_CH_TW_TT_TR_UK_UY_VA_AD_SG","AM_BD_BJ_BO_KH_CV_KM_DJ_GW_IR_KE_LA_MO_MG_MW_MV_MR_MU_MZ_NP_PW_RW_WS_SC_SO_LC_SR_TZ_TL_TG_TV_UG_UA_ZM_ZW_JO","CI_IN_LK"
"GQ","Equatorial Guinea","BJ_CM_CF_TD_CG_DM_EC_HT_HK_FM_PS_PH_ST_VC_TN_SG","BD_BO_KH_CV_KM_DJ_GH_GW_KE_LA_MO_MG_MW_MV_MR_MU_MZ_NP_NI_PW_RW_WS_SC_SO_LC_TL_TG_TR_TV_UG_ZW_IR","CI_LK"
"ER","Eritrea","BJ_DM_HT_FM_PH_VC_UG_SG","BD_BO_BF_KH_CV_KM_DJ_GH_GW_LA_MO_MG_MV_MR_MU_MZ_NP_PW_RW_WS_SC_SO_TL_TG_TR_TV_ZM_IR","CI_IN_LK"
"EE","Estonia","AL_AD_AG_AR_AM_AT_BS_BB_BE_BZ_BO_BA_BW_BR_BN_BG_CL_CO_CR_HR_CY_CZ_DK_DM_DO_EC_SV_FJ_FI_FR_GE_DE_GR_GD_GT_HT_HN_HK_HU_IS_ID_IE_IL_IT_JM_JP_KI_RK_KG_LV_LI_LT_LU_MO_MK_MY_MT_MH_MU_MX_MD_MC_ME_MA_NL_NZ_NI_NO_PW_PA_PY_PE_PH_PL_PT_RO_WS_SM_SN_RS_SG_SK_SI_SB_KR_ES_KN_LC_VC_SZ_SE_CH_TW_TH_TL_TO_TT_TN_TR_TV_UA_AE_UY_VU_VA_VE_UK_BY_KZ_FM_PS_QA_ST","BD_BF_KH_CV_KM_DJ_EG_GW_IR_JO_KE_KW_LA_LB_MG_MW_MV_MR_MZ_NP_OM_PG_SC_SR_TJ_TZ_TG_UG_ZM_BJ_GA_RW_ZW_SO_BH","CA_LK_US_CI_IN"
"ET","Ethiopia","BJ_DM_HT_KE_FM_PH_SN_VC_SG","BD_BO_KH_CV_KM_DJ_GH_GW_LA_MO_MG_MV_MR_MU_MZ_NI_PW_RW_WS_SC_SO_LC_TH_TL_TG_TR_TV_UG_ZW_IR","CI_LK"
"FJ","Fiji","BR_BZ_BB_BD_BS_AR_AG_CL_CN_CO_CR_DM_DO_EC_SV_GM_GT_HT_HK_ID_IE_IL_JM_KE_KI_RK_MW_MY_MU_FM_NI_PS_PA_PE_PH_RU_SN_SG_KR_KN_LC_VC_TN_UG_VU_ZM_ZW","CV_KH_BO_BJ_AM_KM_DJ_EG_GW_IR_JO_LA_MO_MG_MV_MH_MR_MZ_NR_NP_PW_PG_RW_WS_SC_SB_SO_TZ_TH_TL_TG_TO_TR_TV","CI_IN_LK"
"FI","Finland","AL_AD_AG_AR_AM_AT_BS_BB_BE_BZ_BO_BA_BW_BR_BN_BG_CL_CO_CR_HR_CY_CZ_DK_DM_DO_EC_SV_EE_FJ_FR_GM_GE_DE_GR_GD_GT_GY_HT_HN_HK_HU_IS_ID_IE_IL_IT_JM_JP_KZ_KI_RK_KG_LA_LV_LS_LI_LT_LU_MO_MK_MY_MT_MH_MU_MX_MD_MC_ME_MA_NA_NL_NZ_NI_NO_PW_PA_PY_PE_PH_PL_PT_QA_RO_WS_SM_SN_RS_SG_SK_SI_SB_ZA_KR_ES_KN_LC_VC_SZ_SE_CH_TW_TH_TL_TO_TT_TN_TR_TV_UA_AE_UY_VU_VA_VE_VN_UK_BY_FM_PS_ST","BD_BF_KH_CV_KM_DJ_EG_ET_GW_IR_JO_KE_KW_LB_MG_MW_MV_MR_MZ_NP_OM_PG_SC_SR_TJ_TZ_TG_UG_ZM_ZW_BJ_GA_RW_SO_BH","AU_CA_LK_US_CI_IN"
"FR","France","AL_AD_AG_AR_AM_AT_BS_BB_BE_BZ_BO_BA_BW_BR_BN_BG_CL_CO_CR_HR_CY_CZ_DK_DM_DO_EC_SV_EE_FJ_FI_GE_DE_GR_GD_GT_GY_HT_HN_HK_HU_IS_ID_IE_IL_IT_JM_JP_KZ_KI_RK_KG_LV_LS_LI_LT_LU_MO_MK_MY_MT_MH_MU_MX_MD_MC_ME_MA_NA_NL_NZ_NI_NO_PW_PA_PY_PE_PH_PL_PT_QA_RO_WS_SM_SN_RS_SG_SK_SI_SB_ZA_KR_ES_KN_LC_VC_SZ_SE_CH_TW_TH_TL_TO_TT_TN_TR_TV_UA_AE_UY_VU_VA_VE_VN_UK_BY_FM_PS_ST","BD_BF_KH_CV_KM_DJ_EG_ET_GM_GW_IR_JO_KE_KW_LA_LB_MG_MW_MV_MR_MZ_NP_OM_PG_SC_SR_TJ_TZ_TG_UG_ZM_ZW_BJ_GA_RW_SO_BH","AU_CA_LK_US_CI_IN"
"GA","Gabon","BD_BJ_CM_CF_TD_CG_DM_EC_GQ_HT_HK_ID_MY_MU_FM_MA_PA_PH_ST_SN_ZA_VC_TN_SG","BO_KH_CV_KM_DJ_GH_GW_KE_LA_MO_MG_MW_MV_MR_MZ_NP_NI_PW_RW_WS_SC_SO_LC_TZ_TL_TG_TR_TV_UG_IR","CI_IN"
"GM","Gambia","BS_BD_BB_BZ_BJ_BW_BF_CV_CI_DM_EC_FJ_GH_GD_GN_GW_HT_ID_JM_KE_LS_LR_MW_MY_ML_MR_MU_FM_NE_NG_PH_SN_SL_KN_VC_SZ_TZ_TG_TT_TN_UG_VU_SG","BO_KH_KM_DJ_LA_MO_MG_MV_MZ_NP_NI_PW_RW_WS_SC_SO_LC_TL_TR_TV_IR","IN_LK"
"GE","Georgia","AG_AR_AM_AT_AZ_BS_BB_BY_BE_BA_BR_BG_CL_CO_HR_CY_CZ_DK_DM_EC_EE_FI_FR_DE_GR_HT_HU_IS_ID_IR_IL_IT_KZ_KG_LV_LI_LT_LU_MY_MT_FM_MD_MC_NL_NO_PS_PA_PL_PT_QA_RO_SM_RS_SK_SI_ES_LC_VC_SE_CH_TJ_TR_TM_UA_AE_UY_UZ_VA_AD","BD_BJ_BO_KH_CV_KM_DJ_EG_GW_JM_JO_KE_KW_LA_LB_MO_MG_MW_MV_MH_MR_MU_MZ_NP_NI_PW_RW_WS_SC_SO_TL_TG_TV_UG_ZM_ZW","CI_IN_LK"
"DE","Germany","AL_AD_AG_AR_AM_AT_BS_BB_BE_BZ_BO_BA_BW_BR_BN_BG_CL_CO_CR_HR_CY_CZ_DK_DM_DO_EC_SV_EE_FJ_FI_FR_GM_GE_GR_GD_GT_GY_HT_HN_HK_HU_IS_ID_IE_IL_IT_JM_JP_KZ_KI_RK_KG_LV_LS_LI_LT_LU_MO_MK_MY_MT_MH_MU_MX_MD_MC_MN_ME_MA_NA_NL_NZ_NI_NO_PW_PA_PY_PE_PH_PL_PT_QA_RO_WS_SM_SN_RS_SG_SK_SI_SB_ZA_KR_ES_KN_LC_VC_SZ_SE_CH_TW_TH_TL_TO_TT_TN_TR_TV_UA_AE_UY_VU_VA_VE_VN_UK_BY_FM_PS_ST","BD_BF_KH_CV_KM_DJ_EG_ET_GW_IR_JO_KE_KW_LA_LB_MG_MW_MV_MR_MZ_NP_OM_PG_RW_SC_SR_TJ_TZ_TG_UG_ZM_ZW_BJ_GA_SO_BH","AU_CA_LK_US_CI_IN"
"GH","Ghana","SG_BD_BB_BZ_BJ_BF_CV_CI_DM_EC_FJ_GM_GD_GN_GW_HT_ID_JM_KE_LR_ML_MU_FM_NE_NG_PH_RW_SN_SL_KN_VC_SZ_TZ_TG_TT_UG_VU_ZW","BO_KH_KM_DJ_LB_MO_MG_MV_MR_MZ_NI_PW_WS_SC_SO_LC_TL_TR_TV_ZM_IR","IN"
"GR","Greece","AL_AD_AG_AR_AM_AT_BS_BB_BE_BZ_BO_BA_BW_BR_BN_BG_CL_CO_CR_HR_CY_CZ_DK_DM_DO_EC_SV_EE_FJ_FI_FR_GM_GE_DE_GD_GT_GY_HT_HN_HK_HU_IS_ID_IE_IL_IT_JM_JP_KI_RK_KG_LV_LI_LT_LU_MO_MK_MY_MT_MH_MU_MX_MD_MC_ME_MA_NL_NZ_NI_NO_PW_PA_PY_PE_PH_PL_PT_QA_RO_WS_SM_SN_RS_SG_SK_SI_SB_ZA_KR_ES_KN_LC_VC_SZ_SE_CH_TW_TH_TL_TO_TT_TN_TR_TV_UA_AE_UY_VU_VA_VE_UK_BY_KZ_FM_PS_ST","BD_BF_KH_CV_KM_DJ_EG_ET_GW_IR_JO_KE_KW_LA_LB_MG_MW_MV_MR_MZ_NP_OM_PG_SC_SR_TJ_TZ_TG_UG_ZM_ZW_BJ_GA_RW_SO_BH","AU_CA_LK_US_CI_IN"
"GD","Grenada","AG_AR_AT_BS_BD_BB_BE_BZ_BA_BW_BR_BG_CL_CN_CO_CR_HR_CU_CY_CZ_DK_DM_DO_EC_EE_FJ_FI_FR_GM_DE_GR_GY_HT_HK_HU_IS_ID_IE_IL_IT_JM_KE_KI_RK_LV_LS_LI_LT_LU_MO_MW_MY_MT_MU_FM_MC_ME_NL_NO_PS_PA_PE_PH_PL_PT_RO_RU_SM_SN_SK_SI_KR_ES_KN_LC_VC_SR_SZ_SE_CH_TZ_TT_UG_UK_UY_VU_VA_VE_ZM_ZW_AD_SG","AM_BJ_BO_KH_CV_KM_DJ_EG_GW_IR_LA_MG_MV_MR_MZ_NP_NI_PW_RW_WS_SC_SB_SO_TL_TG_TR_TV_UA_JO","CI_IN_LK"
"GT","Guatemala","AL_AR_AT_BS_BE_BZ_BA_BR_BG_CL_CO_CR_HR_CY_CZ_DK_DM_DO_EC_SV_EE_FI_FR_DE_GR_HT_HN_HK_HU_IS_ID_IE_IL_IT_JM_JP_RK_LV_LI_LT_LU_MK_MY_MT_FM_MC_ME_NL_NI_NO_PS_PA_PY_PE_PH_PL_PT_RO_RU_SM_SN_SK_SI_KR_ES_KN_VC_SE_CH_TW_TT_TR_UK_UY_VA_VE_AD_SG","AM_BD_BJ_BO_KH_CV_KM_DJ_GW_IR_KE_LA_MO_MG_MW_MV_MR_MU_MZ_NP_PW_RW_WS_SC_SO_LC_SR_TZ_TL_TG_TV_UG_UA_ZM_ZW_JO","CI_IN_LK"
"GN","Guinea","BD_BJ_BF_CV_CI_DM_EC_GM_GH_GW_HT_HK_JM_LR_MY_ML_FM_MA_NE_NG_PH_RW_SN_SL_SG_VC_TG_TN","BO_KH_KM_DJ_EG_KE_LA_MO_MG_MW_MV_MR_MU_MZ_NP_NI_PW_WS_SC_SO_LC_TZ_TL_TR_TV_UG_IR","IN"
"GW","Guinea-Bissau","SG_BD_BJ_BF_CV_CI_DM_EC_GM_GH_GN_HT_LR_ML_FM_NE_NG_PH_ST_SN_RS_SL_VC_TG_TN","BO_KH_KM_DJ_KE_MO_MG_MW_MV_MR_MU_MZ_NP_NI_PW_RW_WS_SC_SO_LC_TZ_TL_TR_TV_UG_IR",""
"GY","Guyana","AG_AR_BS_BB_BZ_BW_BR_CL_CO_CR_DM_DO_EC_FJ_GM_GD_HT_HK_ID_IE_JM_RK_LS_MY_MU_FM_PS_PA_PE_PH_QA_RU_ZA_KR_KN_LC_VC_SR_SZ_TZ_TT_UY_VU_SG","AM_BD_BJ_BO_KH_CV_KM_DJ_EG_GW_IR_KE_LA_MO_MG_MW_MV_MR_MZ_NP_NI_PW_RW_WS_SC_SB_SO_TL_TG_TV_UG_ZM_ZW_JO_BH","CI_IN_LK"
"HT","Haiti","AR_BJ_CL_DM_EC_GM_GY_HK_ID_IL_MY_FM_PS_PH_RW_SN_KR_VC_TW_SG","AM_BD_BO_KH_CV_KM_DJ_EG_GW_IR_KE_LA_MO_MG_MW_MV_MR_MU_MZ_NP_PW_WS_SC_SO_SR_TZ_TL_TG_TR_TV_UG_ZM_ZW_JO","CI_IN_LK"
"HN","Honduras","AL_AR_AT_BS_BE_BZ_BA_BR_BG_CL_CO_CR_HR_CY_CZ_DK_DM_DO_EC_SV_EE_FI_FR_GM_GE_DE_GR_GT_HT_HK_HU_IS_ID_IE_IL_IT_JP_RK_LV_LI_LT_LU_MK_MY_MT_FM_MC_ME_NL_NI_NO_PS_PA_PY_PE_PH_PL_PT_RO_RU_SM_SN_SK_SI_KR_ES_KN_VC_SE_CH_TW_TT_TN_TR_UK_UY_VA_AD_SG","AM_BD_BJ_BO_KH_CV_KM_DJ_GW_IR_KE_LA_MO_MG_MW_MV_MR_MU_MZ_NP_PW_RW_WS_SC_SO_LC_SR_TZ_TL_TG_TV_UG_UA_ZM_ZW_JO","CI_IN_LK"
"HK","Hong Kong","CV_BG_BN_BR_BW_BA_BJ_BZ_BE_BY_BB_BS_AT_AR_AG_AL_CL_CO_HR_CY_CZ_DK_DM_DO_EC_EG_EE_FJ_FI_FR_DE_GR_GD_GY_HT_HU_IS_ID_IE_IL_IT_JM_JP_KZ_KI_RK_LV_LS_LI_AD_LT_LU_MO_MK_MW_MY_MT_MU_MX_FM_MD_MC_MN_ME_MA_NA_NL_NZ_NI_NE_NO_PS_PE_PH_PL_PT_QA_RO_RU_SM_RS_SG_SK_SI_ZA_KR_ES_KN_LC_VC_SR_SE_CH_TZ_TH_TT_TN_TR_UG_UA_UK_UY_VU_VA_VE_YE_ZM_ZW","KH_BF_BO_AM_BH_KM_DJ_ET_GW_IR_JO_KE_KW_LA_LB_MG_MV_MR_MZ_NP_OM_PW_PG_RW_WS_SC_SO_TW_TL_TG_TO_TV_AE","CA_AU_CI_IN_LK"
"HU","Hungary","AL_AD_AG_AR_AM_AT_BS_BB_BE_BZ_BO_BA_BW_BR_BN_BG_CL_CO_CR_HR_CY_CZ_DK_DM_DO_EC_SV_EE_FJ_FI_FR_GM_GE_DE_GR_GD_GT_HT_HN_HK_IS_ID_IE_IL_IT_JM_JP_KZ_KI_RK_KG_LV_LI_LT_LU_MO_MK_MY_MT_MH_MU_MX_MD_MC_ME_MA_NL_NZ_NI_NO_PW_PA_PY_PE_PH_PL_PT_QA_RO_WS_SM_SN_RS_SG_SK_SI_SB_ZA_KR_ES_KN_LC_VC_SZ_SE_CH_TW_TH_TL_TO_TT_TN_TR_TV_UA_AE_UY_VU_VA_VE_UK_BY_FM_PS_ST","BD_BF_KH_CV_KM_DJ_EG_GW_IR_JO_KE_KW_LA_LB_MG_MW_MV_MR_MZ_NP_OM_PG_SC_SR_TJ_TZ_TG_UG_ZM_ZW_BJ_GA_RW_SO_BH","CA_LK_US_CI_IN"
"IS","Iceland","AL_AD_AG_AR_AM_AT_BS_BB_BE_BZ_BO_BA_BW_BR_BN_BG_CL_CO_CR_HR_CY_CZ_DK_DO_EC_SV_EE_FJ_FI_FR_GM_GE_DE_GR_GD_GT_HT_HN_HK_HU_ID_IE_IL_IT_JM_JP_RK_KG_LV_LS_LI_LT_LU_MO_MK_MY_MT_MH_MU_MX_MD_MC_ME_MA_NA_NL_NZ_NI_NO_PA_PY_PE_PH_PL_PT_QA_RO_SM_SN_RS_SK_SI_SB_ZA_KR_ES_KN_LC_SE_CH_TW_TH_TL_TO_TT_TN_TR_TV_UA_AE_UY_VA_VE_UK_BY_KZ_KI_FM_PS_VC_SG_DM_ST","BD_BF_KH_CV_KM_DJ_EG_GW_IR_JO_KE_KW_LA_LB_MG_MW_MV_MR_MZ_NP_OM_PW_PG_WS_SC_SR_TJ_TZ_TG_UG_ZM_ZW_BJ_RW_SO_BH","AU_CA_LK_US_CI_IN"
"IN","India","BT_DM_EC_SV_FJ_GD_HT_ID_JM_MO_MU_FM_NP_PS_QA_SN_RS_KN_VC_TT_TN_VU","CV_KH_BO_BJ_AM_KM_DJ_ET_GA_GW_JO_KE_LA_MG_MV_MH_MR_MZ_PW_RW_WS_SC_SO_LC_SR_TZ_TH_TL_TG_TV_UG_UA_ZW","CI_HK_LK"
"ID","Indonesia","KH_BN_BY_CL_CO_DM_EC_FJ_GM_GY_HT_HK_LA_MO_MY_ML_FM_MA_MM_PS_PE_PH_QA_RW_RS_SG_VC_TH_UZ_VN","CV_BO_BJ_AZ_AM_KM_DJ_GA_GW_IR_JO_KE_KG_MG_MW_MV_MH_MR_MU_MZ_NP_NI_OM_PW_PG_WS_SC_SO_SR_TJ_TZ_TL_TG_TR_TV_UG_UA_ZW","CI_IN_LK"
"IR","Iran","AM_DM_EC_GE_HT_MY_FM_RS_TR_VE","CV_KH_BO_BJ_KM_DJ_GW_KE_LB_MO_MG_MV_MR_MZ_NP_PW_RW_WS_SC_SO_TZ_TL_TG_TV_UG_ZW","CI_LK"
"IQ","Iraq","DM_EC_HT_MY_FM","CV_KH_BO_KM_DJ_GW_LB_MO_MG_MV_MR_MZ_PW_RW_WS_SC_SO_TZ_TL_TG_TV_UG","CI_LK"
"IE","Ireland","AL_AD_AG_AR_AM_AT_BS_BB_BE_BZ_BO_BA_BW_BR_BN_BG_CL_CO_CR_HR_CY_CZ_DK_DM_DO_EC_SV_EE_FJ_FI_FR_GM_GE_DE_GR_GD_GT_GY_HT_HN_HK_HU_IS_ID_IL_IT_JM_JP_KI_RK_KG_LV_LS_LI_LT_LU_MO_MK_MY_MT_MU_MX_MD_MC_ME_MA_NA_NL_NZ_NI_NO_PA_PY_PE_PH_PL_PT_QA_RO_SM_SN_RS_SG_SK_SI_ZA_KR_ES_KN_LC_SZ_SE_CH_TW_TH_TT_TN_UA_UY_VU_VA_VE_ZM_UK_BY_KZ_FM_PS_VC_ST","BD_BF_KH_CV_KM_DJ_EG_ET_GW_IR_JO_KE_KW_LA_LB_MG_MW_MV_MH_MR_MZ_NP_OM_PW_PG_WS_SC_SB_TJ_TZ_TL_TG_TO_TR_TV_UG_AE_ZW_BJ_GA_RW_SO_BH","AU_CA_LK_US_CI_IN"
"IL","Israel","CF_BG_BR_BW_BA_BZ_BE_BY_BB_BS_AT_AR_AL_CL_CO_CR_HR_CY_CZ_DK_DM_DO_EC_SV_EE_FJ_FI_FR_GE_DE_GR_GD_GT_HT_HN_HK_HU_IS_IE_IT_JM_JP_KZ_RK_LV_LS_LI_AD_LT_LU_MO_MK_MW_MT_MU_MX_FM_MD_MC_MN_ME_NL_NZ_NI_NO_PW_PS_PA_PY_PE_PH_PL_PT_RO_RU_SM_SN_RS_SG_SK_SI_ZA_KR_ES_KN_LC_VC_SR_SZ_SE_CH_TW_TH_TT_TR_UA_UK_UY_UZ_VU_VA","CV_KH_BO_BJ_BD_AZ_AM_KM_DJ_ET_GW_JO_KE_KG_LA_MG_MV_MH_MR_MZ_NR_NP_PG_RW_WS_SC_SB_SO_TJ_TZ_TL_TG_TO_TV_UG_ZM_ZW","CA_CI_IN_LK"
"IT","Italy","AL_AD_AG_AR_AM_AT_BS_BB_BE_BZ_BO_BA_BW_BR_BN_BG_CL_CO_CR_HR_CY_CZ_DK_DM_DO_EC_SV_EE_FJ_FI_FR_GM_GE_DE_GR_GD_GT_GY_HT_HN_HK_HU_IS_ID_IE_IL_JM_JP_KZ_KI_RK_KG_LV_LS_LI_LT_LU_MO_MK_MY_MT_MH_MU_MX_MD_MC_ME_MA_NA_NL_NZ_NI_NO_PW_PA_PY_PE_PH_PL_PT_QA_RO_WS_SM_SN_RS_SG_SK_SI_SB_ZA_KR_ES_KN_LC_VC_SZ_SE_CH_TW_TH_TL_TO_TT_TN_TR_TV_UA_AE_UY_VU_VA_VE_VN_UK_BY_FM_PS_ST","BD_BF_KH_CV_KM_DJ_EG_ET_GW_IR_JO_KE_KW_LA_LB_MG_MW_MV_MR_MZ_NP_OM_PG_SC_SR_TJ_TZ_TG_UG_ZM_ZW_BJ_GA_RW_SO_BH","AU_CA_LK_US_CI_IN"
"JM","Jamaica","AG_AR_BS_BD_BB_BZ_BW_BR_CL_CO_DM_DO_EC_FJ_GM_GD_GY_HT_HK_ID_IL_KE_KI_LS_MW_MY_MU_MX_FM_PS_PA_PE_PH_SN_RS_ZA_KR_KN_LC_VC_SR_SZ_TZ_TT_UG_UY_VU_VE_ZM_ZW_SG","AM_BJ_BO_KH_CV_KM_DJ_EG_GW_IR_LA_MO_MG_MV_MR_MZ_NP_NI_PW_RW_WS_SC_SO_TL_TG_TR_TV_JO","CI_IN_LK"
"JP","Japan","BG_BN_BW_BA_BO_BZ_BE_BY_BB_BS_AT_AM_AR_AG_AL_CL_CN_CO_CR_HR_CY_CZ_DK_DM_DO_EC_SV_EE_FJ_FI_FR_GE_DE_GR_GD_GT_GY_HT_HN_HK_HU_IS_ID_IE_IL_IT_JM_KZ_KI_RK_KG_LA_LV_LS_LI_AD_LT_LU_MO_MK_MY_MT_MU_MX_FM_MD_MC_MN_ME_MA_NA_NL_NZ_NI_NO_PS_PA_PY_PE_PH_PL_PT_QA_RO_SM_ST_SN_RS_SG_SK_SI_ZA_KR_ES_KN_LC_VC_SR_SZ_SE_CH_TW_TH_TT_TN_TR_UA_AE_UK_UY_UZ_VU_VA_VE_VN","CV_KH_BJ_BD_AZ_BH_KM_DJ_EG_ET_GA_GW_IN_IR_JO_KE_KW_LB_MG_MW_MV_MH_MR_MZ_OM_PW_PG_RW_WS_SC_NP_SB_SO_TJ_TZ_TL_TG_TO_TV_UG_ZM_ZW","CA_AU_CI_LK_US"
"JO","Jordan","DM_EC_EG_GE_HT_HK_ID_RK_LB_LY_MY_FM_PS_ZA_KN_TN_TR","CV_KH_BO_BJ_AM_KM_DJ_GW_KE_MO_MG_MW_MV_MR_MU_MZ_NP_NI_PW_RW_WS_SC_SO_TJ_TZ_TL_TG_TV_UG_YE","CI_IN_LK"
"KZ","Kazakhstan","BR_BY_BB_AZ_AM_AR_AG_AL_CO_CR_DM_DO_EC_GE_HT_HK_ID_KG_MK_MY_FM_MD_MN_NA_PS_PH_QA_RU_RS_KR_VC_TJ_TR_UA_UZ","CV_KH_BO_BJ_BD_BH_KM_DJ_EG_GW_IR_JM_JO_KE_LA_LB_MO_MG_MV_MR_MU_MZ_NP_NI_PW_RW_WS_SC_SO_TH_TL_TG_TV_UG_AE_ZM_ZW","CI_LK"
"KE","Kenya","SG_AG_BS_BB_BJ_BW_BI_DM_ET_FJ_GM_GH_GD_HT_HK_ID_JM_KI_LS_MW_MY_MU_FM_NA_PA_PH_RW_SN_KN_VC_SZ_TZ_TT_UG_VU_ZM_ZW","BO_BF_KH_CV_KM_CD_DJ_GW_LA_MO_MG_MV_MR_MZ_NP_NG_PW_WS_SC_SL_SO_LC_SD_TL_TG_TR_TV_SS_IR","CI_IN"
"KI","Kiribati","BG_BW_BA_BZ_BE_BB_BS_AT_AG_CR_HR_CY_CZ_DK_DM_DO_EC_EE_FJ_FI_FR_GM_DE_GR_GD_HT_HK_HU_IS_ID_IE_IT_JM_KE_RK_LV_LS_LI_AD_LT_LU_MO_MW_MY_MT_MU_FM_MC_NL_NO_PS_PA_PE_PH_PL_PT_RO_SM_SN_SG_SK_SI_KR_ES_KN_LC_VC_SE_CH_TZ_TT_TN_UK_VU_VA_ZM_ZW","CV_KH_BO_BJ_BD_AM_KM_DJ_EG_GW_IR_JO_LA_MG_MV_MH_MR_MZ_NP_NI_PW_PG_RW_WS_SC_SB_SO_TL_TG_TO_TV_UG","CI_IN_LK"
"RK","Kosovo","AL_DM_EC_GM_HT_MK_FM_ME_PS_SN_RS_VC_TR","AM_BD_BJ_BO_KH_CV_KM_DJ_GW_IR_JM_JO_LA_MO_MG_MV_MR_MZ_NP_PW_RW_WS_SC_SO_TZ_TL_TG_TV_UG","CI_LK"
"KW","Kuwait","BW_BA_BY_BH_BS_AL_DM_DO_EC_EG_SV_GE_GT_HT_HN_HK_ID_JO_RK_KG_LB_MY_MU_FM_ME_MA_NZ_NI_OM_PS_PA_PH_QA_ST_SA_SN_RS_SG_KR_KN_LC_VC_SD_SZ_TH_TN_TR_AE_VU","CV_KH_BN_BO_BJ_BD_AZ_AM_KM_DJ_ET_GA_GW_IR_KE_LA_MO_MG_MW_MV_MR_MZ_NP_PW_RW_WS_SC_SB_SO_TJ_TZ_TL_TG_TV_UG_UA_YE_ZW","CI_LK_UK"
"KG","Kyrgyzstan","BY_BB_AZ_AM_AG_DM_EC_GE_HT_ID_KZ_MY_FM_MD_MN_NA_PS_PH_RU_VC_TJ_TR_UA_UZ_VN","CV_KH_BO_BJ_BD_KM_DJ_GW_IR_JM_JO_KE_LA_LB_MO_MG_MW_MV_MR_MU_MZ_NP_NI_PW_RW_WS_SC_SO_LC_TL_TG_TV_UG_ZW","CI_LK"
"LA","Laos","KH_BN_DM_EC_GM_HT_ID_MY_FM_MN_MM_PS_PH_RU_SG_VC_TH_VN","CV_BO_BJ_BD_AM_KM_DJ_EG_GW_IR_KE_KW_MO_MG_MW_MV_MR_MZ_NP_PW_RW_WS_SC_SO_TZ_TL_TG_TV_UG_ZM","CI_IN_LK"
"LV","Latvia","AL_AD_AG_AR_AM_AT_BS_BB_BE_BZ_BO_BA_BW_BR_BN_BG_CL_CO_CR_HR_CY_CZ_DK_DM_DO_EC_SV_EE_FJ_FI_FR_GM_GE_DE_GR_GD_GT_HT_HN_HK_HU_IS_ID_IE_IL_IT_JM_JP_KI_RK_KG_LI_LT_LU_MO_MK_MY_MT_MH_MU_MX_MD_MC_ME_MA_NL_NZ_NI_NO_PW_PA_PY_PE_PH_PL_PT_RO_WS_SM_SN_RS_SG_SK_SI_SB_KR_ES_KN_LC_VC_SZ_SE_CH_TW_TL_TO_TT_TN_TR_TV_UA_AE_UY_VU_VA_VE_UK_BY_KZ_FM_PS_QA_ST","BD_BF_KH_CV_KM_DJ_EG_GW_IR_JO_KE_KW_LA_LB_MG_MW_MV_MR_MZ_NP_OM_PG_SC_SR_TJ_TZ_TH_TG_UG_ZM_BJ_GA_RW_ZW_SO_BH","CA_LK_US_CI_IN"
"LB","Lebanon","DM_EC_GE_HT_ID_IR_JO_MO_MY_FM_PS_QA_TR","CV_KH_BO_BJ_AM_KM_DJ_GW_MG_MV_MR_MU_MZ_NP_OM_PW_RW_WS_SC_SO_TJ_TL_TG_TV_UG","CI_LK"
"LS","Lesotho","SG_AG_BS_BD_BB_BZ_BJ_BW_DM_EC_FJ_GM_GD_HT_HK_ID_IE_IL_JM_JP_KE_KI_RK_MW_MY_MU_FM_NA_PS_PH_SN_ZA_KR_KN_LC_VC_SZ_TZ_TT_UG_VU_ZM_ZW","BO_KH_CV_KM_DJ_GH_GW_JO_MO_MG_MV_MR_MZ_NP_NI_PW_RW_WS_SC_SO_TL_TG_TR_TV_IR","CI_IN_LK"
"LR","Liberia","BJ_BF_CV_CF_CI_DM_EC_GM_GH_GN_GW_HT_ML_FM_NE_NG_PH_SN_SL_SG_KR_VC_TG","BD_BO_KH_KM_DJ_KE_MO_MG_MV_MR_MU_MZ_PW_RW_WS_SC_SO_TZ_TL_TR_TV_UG_IR","IN"
"LY","Libya","DZ_BJ_DM_EC_HT_MY_MR_FM_PS_VC_TN","BO_BF_KH_CV_KM_DJ_GH_GW_ID_LB_MO_MG_MV_MZ_NP_PW_RW_WS_SC_SO_TZ_TL_TG_TV_UG_IR","CI_LK"
"LI","Liechtenstein","AL_AD_AG_AR_AM_AT_BS_BB_BE_BO_BA_BW_BR_BN_BG_CL_CO_CR_HR_CY_CZ_DK_DO_EC_SV_EE_FJ_FI_FR_GM_GE_DE_GR_GD_GT_HT_HN_HK_HU_IS_ID_IE_IL_IT_JM_JP_RK_KG_LV_LT_LU_MO_MK_MY_MT_MU_MX_MD_MC_ME_MA_NA_NL_NZ_NI_NO_PA_PY_PE_PH_PL_PT_QA_RO_SM_SN_RS_SK_SI_SB_ZA_KR_ES_KN_LC_SE_CH_TW_TH_TL_TT_TN_TR_TV_UA_AE_UY_VU_VA_VE_UK_BY_KI_FM_PS_VC_TO_SG_DM_ST","BD_KH_CV_KM_DJ_EG_GW_IR_JO_KE_KW_LA_LB_MG_MW_MV_MR_MZ_NP_OM_PW_PG_WS_SC_SR_TJ_TZ_TG_UG_ZM_ZW_BJ_BF_RW_SO_BH","AU_CA_LK_US_CI_IN"
"LT","Lithuania","AL_AD_AG_AR_AM_AT_BS_BB_BE_BZ_BO_BA_BW_BR_BN_BG_CL_CO_CR_HR_CY_CZ_DK_DM_DO_EC_SV_EE_FI_FR_GM_GE_DE_GR_GD_GT_HT_HN_HK_HU_IS_ID_IE_IL_IT_JM_JP_KI_RK_KG_LV_LI_LU_MO_MK_MY_MT_MH_MU_MX_MD_MC_ME_MA_NL_NZ_NI_NO_PW_PA_PY_PE_PH_PL_PT_RO_WS_SM_SN_RS_SG_SK_SI_SB_KR_ES_KN_LC_VC_SZ_SE_CH_TW_TL_TO_TT_TN_TR_TV_UA_AE_UY_VU_VA_VE_UK_BY_FJ_KZ_FM_PS_QA_ST","BD_BF_KH_CV_KM_DJ_EG_GW_IR_JO_KE_KW_LA_LB_MG_MW_MV_MR_MZ_NP_OM_PG_SC_SR_TJ_TZ_TH_TG_UG_ZM_BJ_GA_RW_ZW_SO_BH","CA_LK_US_CI_IN"
"LU","Luxembourg","AL_AD_AG_AR_AM_AT_BS_BB_BE_BZ_BO_BA_BW_BR_BN_BG_CL_CO_CR_HR_CY_CZ_DK_DM_DO_EC_SV_EE_FJ_FI_FR_GM_GE_DE_GR_GD_GT_GY_HT_HN_HK_HU_IS_ID_IE_IL_IT_JM_JP_KI_RK_KG_LA_LV_LS_LI_LT_MO_MK_MY_MT_MH_MU_MX_MD_MC_ME_MA_NA_NL_NZ_NI_NO_PW_PA_PY_PE_PH_PL_PT_QA_RO_WS_SM_SN_RS_SG_SK_SI_SB_ZA_KR_ES_KN_LC_VC_SZ_SE_CH_TW_TH_TL_TO_TT_TN_TR_TV_UA_AE_UY_VU_VA_VE_UK_BY_KZ_FM_PS_ST","BD_BF_KH_CV_KM_DJ_EG_ET_GW_IR_JO_KE_KW_LB_MG_MW_MV_MR_MZ_NP_OM_PG_SC_SR_TJ_TZ_TG_UG_ZM_ZW_BJ_GA_RW_SO_BH","AU_CA_LK_US_CI_IN"
"MO","Macao","AL_AM_AT_BY_BE_BA_BR_BN_BG_CV_CL_HR_CY_CZ_DK_DM_DO_EC_EG_EE_FJ_FI_FR_DE_GR_GD_HT_HK_HU_IS_ID_IE_IL_IT_JP_KI_RK_LV_LI_LT_LU_MK_MY_ML_MT_MU_MX_FM_MD_MC_MN_ME_MA_NA_NL_NZ_NI_NO_PS_PH_PL_PT_RO_RU_WS_SM_RS_SG_SK_SI_ZA_KR_ES_KN_VC_SE_CH_TZ_TH_TR_UK_UY_VU_VA_AD","BH_BD_BJ_BO_KH_KM_DJ_ET_GW_IR_JO_KE_LA_LB_MG_MW_MV_MR_MZ_NP_OM_PW_PG_QA_RW_SC_SO_LC_TW_TL_TG_TO_TV_UG_UA_ZW","CI_IN_LK"
"MK","Macedonia","AG_AL_AR_AT_BS_BY_BE_BA_BR_BG_CL_HR_CU_CY_CZ_DK_DM_DO_EC_SV_EE_FI_FR_GM_DE_GR_GT_HT_HN_HK_HU_IS_ID_IL_IT_JP_RK_LV_LI_LT_LU_MO_MY_MT_FM_MD_MC_ME_NL_NI_NO_PS_PA_PE_PL_PT_QA_RO_SM_RS_SG_SK_SI_ES_VC_SE_CH_TN_TR_UA_VA_AD","AM_BD_BJ_BO_KH_CV_KM_DJ_EG_GW_IR_JM_JO_KE_KG_LA_LB_MG_MW_MV_MR_MU_MZ_NP_OM_PW_RW_WS_SC_SO_TW_TZ_TL_TG_TV_UG_ZM_ZW","CI_IN_LK"
"MG","Madagascar","SG_BJ_DM_EC_SV_GT_HT_HN_HK_ID_MY_FM_NI_PA_PH_SN_VC_SZ_TZ_UG_ZW","BD_BO_KH_CV_KM_DJ_GH_GW_KE_LA_MO_MW_MV_MR_MU_MZ_NP_PW_RW_WS_SC_SO_LC_TL_TG_TR_TV_ZM_IR","CI_IN_LK"
"MW","Malawi","SG_AG_BS_BD_BB_BZ_BJ_BW_DM_EC_FJ_GM_GD_HT_HK_ID_IL_JM_KE_KI_RK_LS_MY_MU_FM_MZ_NA_PS_PH_SN_ZA_KN_LC_VC_SZ_TZ_TT_UG_VU_ZM_ZW","BO_KH_CV_KM_DJ_GH_GW_JO_LA_MO_MG_MV_MR_NP_NI_PW_RW_WS_SC_SO_TL_TG_TR_TV_IR","CI_IN_LK"
"MY","Malaysia","KH_BG_BN_BR_BW_BA_BZ_BE_BY_BB_BS_AT_AR_AG_DZ_AL_CL_CO_CR_HR_CU_CY_CZ_DK_DM_DO_EC_SV_EE_FJ_FI_FR_GM_GE_DE_GR_GD_GT_GY_HT_HN_HK_HU_IS_ID_IR_IE_IT_JM_JP_KZ_KE_KI_RK_KG_LA_LV_LS_LI_AD_LT_LU_MO_MK_MW_MT_MU_MX_FM_MD_MC_MN_ME_MA_NA_NL_NZ_NI_NO_PS_PA_PE_PH_PL_PT_QA_RO_SM_SN_SG_SK_SI_ZA_KR_ES_KN_VC_SR_SZ_SE_CH_TW_TZ_TH_TT_TN_TR_UK_UY_UZ_VU_VA_VE_VN_ZM_ZW","CV_BO_BJ_BD_AZ_AM_BH_KM_DJ_EG_GW_JO_KW_LB_MG_MV_MH_MR_MZ_NP_OM_PW_PG_RW_WS_SC_SB_SO_LC_SD_TJ_TL_TG_TO_TV_UG_UA_AE_YE","AU_CI_IN_LK"
"MV","Maldives","AG_BS_BD_BB_BZ_BT_BW_BN_CR_DM_FJ_GM_GD_HT_HK_IN_IE_JM_KE_RK_LS_MY_MU_PK_PS_PA_PH_QA_ZA_KN_LC_SZ_TT_TN_UK_VU_ZM_ZW_EC_ID_FM_SG_VC","BO_AM_BJ_KH_CV_KM_DJ_EG_GW_IR_LA_MO_MG_MW_MR_MZ_NP_NI_PW_PG_RW_WS_SC_SB_SO_LK_TZ_TH_TL_TG_TV_UG_JO_TR","CI"
"ML","Mali","DZ_BS_BB_BJ_BF_CM_CV_TD_CI_DM_EC_GM_GH_GN_GW_HT_HK_ID_LR_MO_MR_FM_MA_NE_NG_PH_SN_SL_VC_TG_TN","BD_BO_KH_KM_DJ_LA_MG_MV_MZ_NP_PW_RW_WS_SC_SO_LC_TL_TR_TV_UG_IR","IN"
"MT","Malta","AL_AD_AG_AR_AM_AT_BS_BB_BE_BZ_BA_BW_BR_BN_BG_CL_CO_CR_HR_CY_CZ_DK_DM_DO_EC_SV_EE_FJ_FI_FR_GM_GE_DE_GR_GD_GT_HT_HN_HK_HU_IS_ID_IE_IL_IT_JM_JP_KI_RK_KG_LV_LS_LI_LT_LU_MO_MK_MY_MH_MU_MX_MD_MC_ME_MA_NL_NZ_NI_NO_PW_PA_PY_PE_PH_PL_PT_RO_WS_SM_SN_RS_SG_SK_SI_SB_ZA_KR_ES_KN_LC_VC_SZ_SE_CH_TW_TZ_TL_TO_TT_TN_TV_UG_UA_AE_UY_VU_VA_VE_ZM_ZW_UK_BY_KZ_FM_PS_QA_ST","BD_BO_BF_KH_CV_KM_DJ_EG_GW_IR_JO_KE_KW_LA_LB_MG_MW_MV_MR_MZ_NP_OM_PG_SC_SR_TJ_TH_TG_TR_BJ_GA_RW_SO_BH","AU_CA_LK_US_CI_IN"
"MH","Marshall Islands","BG_BA_BZ_BE_BS_AT_AG_CO_CR_HR_CY_CZ_DK_DM_DO_EC_SV_EE_FJ_FI_FR_DE_GR_GT_HT_HN_HK_HU_IS_ID_IT_KI_RK_LV_LI_AD_LT_LU_MY_MT_MX_FM_MC_NL_NI_NO_PW_PS_PA_PE_PH_PL_PT_RO_SM_SN_SG_SK_SI_KR_ES_LC_VC_SE_CH_UK_US_VU_VA_ZM","CV_KH_BO_BJ_BD_AM_KM_DJ_EG_GW_IR_JO_KE_LA_MO_MG_MW_MV_MR_MU_MZ_NR_NP_PG_RW_WS_SC_SB_SO_TZ_TL_TG_TO_TV_UG_ZW","CI_IN_LK"
"MR","Mauritania","SG_DZ_BB_BJ_BF_CV_TD_CI_DM_EC_GM_GN_HT_HK_ID_MY_ML_FM_NE_PH_SN_SL_VC_TG_TN","BD_BO_KH_KM_CG_DJ_GH_GW_KE_LA_LB_MO_MG_MV_MU_MZ_NP_NI_PW_RW_WS_SC_SO_LC_TL_TR_TV_UG_IR","LK"
"MU","Mauritius","SG_AL_AG_AT_AD_BS_BB_BE_BZ_BJ_BA_BW_BG_CL_CN_CR_HR_CY_CZ_DK_DM_DO_EC_EE_FJ_FI_FR_GA_GM_GE_DE_GH_GR_GD_HT_HK_HU_IS_ID_IL_IT_JM_JP_KE_KI_RK_LV_LS_LI_LT_LU_MO_MK_MW_MY_MT_FM_MC_ME_MZ_NA_NL_NZ_NO_PS_PA_PH_PL_PT_RO_RU_RW_SM_SN_SK_SI_ZA_KR_ES_KN_LC_VC_SZ_SE_CH_TZ_TT_TN_UG_UK_VU_VA_ZM_ZW","BO_KH_CV_KM_CD_DJ_GW_JO_LA_MG_MV_MH_MR_NP_NI_PW_QA_WS_SC_SO_TH_TL_TG_TR_TV_UA_AE_IR","CI_IN_LK"
"MX","Mexico","AL_AG_AR_AT_BS_BB_BY_BE_BZ_BO_BA_BW_BR_BG_CL_CO_CR_HR_CY_CZ_DK_DM_DO_EC_SV_EE_FJ_FI_FR_GE_DE_GR_GD_GT_HT_HN_HK_HU_IS_ID_IE_IL_IT_JM_JP_KZ_RK_LV_LI_LT_LU_MO_MK_MY_MT_MU_FM_MC_ME_MA_NL_NZ_NI_NO_PS_PA_PY_PE_PH_PL_PT_QA_RO_SM_RS_SK_SI_KR_ES_KN_LC_VC_SE_CH_TT_TN_UK_UY_VU_VA_VE_AD_SG","AM_BJ_KH_CV_KM_DJ_EG_ET_GA_GW_IR_KE_KG_LA_LB_MG_MW_MV_MH_MR_MZ_NP_PW_PG_RW_WS_SC_SO_SR_TJ_TZ_TL_TG_TV_UG_UA_ZM_ZW_JO_BH","CA_CI_IN_LK"
"FM","Micronesia","BG_BA_BZ_BE_BY_AT_CO_CR_HR_CY_CZ_DK_DM_DO_EC_EE_FJ_FI_FR_GM_DE_GR_HT_HK_HU_IS_IL_IT_KI_RK_LV_LI_AD_LT_LU_MT_MH_MX_MC_NL_NO_PW_PS_PA_PE_PH_PL_PT_RO_SM_SN_SG_SK_SI_KR_ES_LC_VC_SE_CH_UK_US_VU_VA","CV_KH_BO_BJ_BD_AM_KM_DJ_EG_GW_IR_JO_KE_LA_MO_MG_MW_MV_MR_MU_MZ_NR_NP_NI_PG_RW_WS_SC_SB_SO_TZ_TL_TG_TO_TV_UG_UA_ZM_ZW","CI_IN_LK"
"MD","Moldova","AG_AL_AM_AT_AZ_BS_BB_BY_BE_BA_BG_CL_HR_CY_CZ_DK_DM_EC_EE_FJ_FI_FR_GE_DE_GR_HT_HU_IS_ID_IL_IT_KZ_KG_LV_LI_LT_LU_MO_MK_MY_MT_FM_MC_ME_NA_NL_NO_PS_PA_PE_PL_PT_QA_RO_RU_SM_RS_SK_SI_ES_VC_SE_CH_TJ_TN_TR_UA_UZ_VA_AD","BD_BJ_BO_KH_CV_KM_DJ_GW_IR_JM_KE_LA_LB_MG_MW_MV_MH_MR_MU_MZ_NP_NI_OM_PW_RW_WS_SC_SO_TZ_TL_TG_TV_UG_ZM_ZW","CI_IN_LK"
"MC","Monaco","AL_AD_AG_AR_AM_AT_BS_BE_BZ_BO_BA_BW_BR_BG_CL_CO_CR_HR_CY_CZ_DK_DO_EC_SV_EE_FJ_FI_FR_GM_GE_DE_GR_GD_GT_HT_HN_HK_HU_IS_ID_IE_IL_IT_JM_JP_KZ_RK_KG_LV_LI_LT_LU_MO_MK_MY_MT_MU_MX_MD_ME_MA_NL_NZ_NI_NO_PA_PE_PH_PL_PT_QA_RO_SM_SN_RS_SK_SI_ZA_KR_ES_KN_LC_SZ_SE_CH_TW_TH_TN_TR_UA_UY_VU_VA_VE_UK_BY_FM_PS_PY_VC_SG_DM_ST","BD_KH_CV_KM_DJ_EG_GW_IR_JO_KE_KW_LA_LB_MG_MW_MV_MR_MZ_NP_OM_PW_PG_WS_SC_SB_TJ_TZ_TL_TG_TO_TV_UG_AE_ZM_ZW_BJ_RW_SO_BH","AU_CA_LK_US_CI_IN"
"MN","Mongolia","BR_BY_CN_CU_DM_EC_HT_HK_ID_IL_KZ_KG_LA_MO_MY_FM_PS_PA_PH_RU_RS_SG_VC_TH_TR_UA","CV_KH_BO_BJ_BD_AM_KM_DJ_GW_IR_KE_MG_MW_MV_MR_MU_MZ_NP_PW_RW_WS_SC_SO_LC_TJ_TZ_TL_TG_TV_UG_ZM","CI_IN_LK"
"ME","Montenegro","AL_AR_AM_AT_BY_BE_BA_BR_BG_CL_CO_CR_HR_CU_CY_CZ_DK_DM_EC_EE_FI_FR_GM_GE_DE_GR_HT_HK_HU_IS_IL_IT_RK_LV_LI_LT_LU_MO_MK_MT_FM_MD_MC_NL_NO_PS_PA_PE_PL_PT_RO_RU_SM_RS_SG_SK_SI_KR_ES_LC_VC_SZ_SE_CH_TT_TN_TR_UA_VA_ZM_AD","BD_BJ_BO_KH_CV_KM_DJ_EG_GW_IR_JM_JO_KE_KG_LA_LB_MG_MW_MV_MR_MU_MZ_NP_NI_PW_QA_RW_WS_SC_SO_TZ_TL_TG_TV_UG","CI_IN_LK"
"MA","Morocco","DZ_BZ_BJ_BR_CI_DM_EC_GA_GM_GD_GN_HT_HK_ID_MO_MY_ML_FM_NE_PS_PH_ST_SN_KR_VC_TN_TR_VU","BO_KH_KM_CG_DJ_GW_JO_KE_LA_LB_MG_MV_MH_MR_MU_MZ_NP_NI_PW_RW_WS_SC_SO_TJ_TZ_TL_TG_TV_UG_IR","LK"
"MZ","Mozambique","SG_AO_BJ_BW_DM_EC_GD_HT_HK_ID_JM_LS_MW_MU_FM_NA_PH_ST_ZA_VC_SZ_TZ_VU_ZM_ZW","BD_BO_KH_CV_KM_DJ_GH_GW_KE_MO_MG_MV_MR_NP_NI_PW_RW_WS_SC_SO_LC_TL_TG_TR_TV_UG_IR","CI_IN_LK"
"MM","Myanmar [Burma]","BN_DM_EC_HT_ID_LA_FM_PH_SG_VC_TH_VN","CV_KH_BO_BJ_AM_KM_DJ_GW_IR_KE_MO_MG_MW_MV_MR_MU_MZ_NP_NI_RW_WS_SC_SO_TZ_TL_TG_TV_UG_ZM","CI_IN_LK"
"NA","Namibia","SG_AO_AG_BS_BZ_BJ_BW_BR_CU_DM_DO_EC_GM_GD_HT_HK_ID_JM_KE_RK_LS_MO_MW_MY_MU_FM_PA_PH_SN_ZA_VC_SZ_TZ_TT_TN_UK_VU_ZM_ZW","BD_BO_KH_CV_KM_DJ_GH_GW_LA_MG_MV_MR_MZ_NP_NI_PW_RW_WS_SC_SO_TL_TG_TR_TV_UG_IR","CI_IN_LK"
"NR","Nauru","BW_BS_AG_CR_DM_DO_EC_FJ_GM_GD_HT_HK_ID_IE_IL_JM_KI_RK_LS_MW_MY_MU_FM_PS_PA_PE_RU_SG_KR_KN_LC_VC_SZ_TZ_TT_UK_VU_ZW","CV_KH_BO_BJ_BD_AM_KM_DJ_EG_GW_IR_JO_KE_MO_MG_MV_MH_MR_MZ_NP_NI_PW_PG_RW_WS_SC_SB_SO_TL_TG_TO_TV_UG_ZM","CI_IN_LK"
"NP","Nepal","DM_GM_HT_IN_ID_FM_PK_PS_PH_SN_SG_VC","CV_KH_BO_BJ_BD_KM_DJ_EG_GW_KE_LA_MG_MV_MR_MU_MZ_PW_RW_WS_SC_SO_TZ_TL_TG_TV_UG","CI_LK"
"NL","Netherlands","AL_AD_AG_AR_AM_AT_BS_BB_BE_BZ_BO_BA_BW_BR_BN_BG_CL_CO_CR_HR_CY_CZ_DK_DM_DO_EC_SV_EE_FJ_FI_FR_GM_GE_DE_GR_GD_GT_GY_HT_HN_HK_HU_IS_ID_IE_IL_IT_JM_JP_KZ_KI_RK_KG_LV_LS_LI_LT_LU_MO_MK_MY_MT_MH_MU_MX_MD_MC_ME_MA_NA_NZ_NI_NO_PW_PA_PY_PE_PH_PL_PT_QA_RO_WS_SM_SN_RS_SG_SK_SI_SB_ZA_KR_ES_KN_LC_VC_SZ_SE_CH_TW_TH_TL_TO_TT_TN_TV_UA_AE_UY_VU_VA_VE_UK_BY_FM_PS_ST","BD_BF_KH_CV_KM_DJ_EG_ET_GW_IR_JO_KE_KW_LA_LB_MG_MW_MV_MR_MZ_NP_OM_PG_SC_SR_TJ_TZ_TG_TR_UG_ZM_ZW_BJ_GA_RW_SO_BH","AU_CA_LK_US_CI_IN"
"NZ","New Zealand","BG_BN_BR_BW_BA_BO_BZ_BE_BY_BB_BS_AT_AM_AR_AG_AL_CL_CO_CR_HR_CY_CZ_DK_DM_DO_EC_SV_EE_FJ_FI_FR_GM_GE_DE_GR_GD_GT_GY_HT_HN_HK_HU_IS_ID_IE_IL_IT_JM_JP_KZ_KI_RK_KG_LV_LS_LI_AD_LT_LU_MO_MK_MY_MT_MU_MX_FM_MD_MC_ME_MA_NA_NL_NI_NO_OM_PS_PA_PE_PH_PL_PT_QA_RO_SM_SN_RS_SG_SK_SI_KR_ES_KN_LC_VC_SZ_SE_CH_TW_TH_TN_TR_UK_UY_VU_VA_VE","CV_KH_BF_BJ_BD_AU_BH_KM_DJ_EG_ET_GW_IR_JO_KE_KW_LA_LB_MG_MW_MV_MH_MR_MZ_NP_PW_PG_PY_RW_WS_SC_SB_SO_TJ_TZ_TL_TG_TO_TT_TV_UG_UA_AE_ZM_ZW","CA_CI_IN_LK_US"
"NI","Nicaragua","AL_AR_AT_BS_BB_BY_BE_BZ_BA_BR_BG_CL_HR_CY_CZ_DK_DM_DO_EC_SV_EE_FI_FR_DE_GR_GT_HT_HN_HU_IS_ID_IE_IT_RK_LV_LI_LT_LU_MK_MY_MT_FM_MC_ME_NL_NO_PS_PA_PY_PH_PL_PT_RO_RU_SM_SK_SI_KR_ES_KN_VC_SE_CH_TW_TT_TR_UK_UY_VA_AD_SG","AM_BD_BJ_BO_KH_CV_KM_DJ_EG_GW_IR_KE_LA_MO_MG_MW_MV_MR_MU_MZ_NP_PW_RW_WS_SC_SO_LC_SR_TZ_TL_TG_TV_UG_ZM_ZW_JO","CI_IN_LK"
"NE","Niger","BJ_BF_CV_CF_TD_CI_DM_EC_GM_GH_GN_GW_HT_HK_LR_ML_MR_FM_MA_NG_PH_SN_SL_SG_VC_TG_TN","BD_BO_KH_KM_CG_DJ_KE_MO_MG_MV_MU_MZ_NP_NI_PW_RW_WS_SC_SO_TL_TR_TV_UG_IR","IN_LK"
"NG","Nigeria","BB_BJ_BF_CM_CV_TD_CI_DM_FJ_GM_GH_GN_GW_HT_LR_ML_FM_NE_SN_SL_KN_TG_VU","BO_KH_KM_DJ_KE_LB_MG_MV_MR_MU_MZ_PW_RW_WS_SC_SO_TZ_TL_TR_TV_UG_IR",""
"KP","North Korea","BY_DM_GM_GY_HT_KG_FM_PS_VC","CV_KH_BO_BJ_BD_AM_KM_DJ_ET_GW_IR_JO_LA_MO_MG_MW_MV_MR_MZ_NP_NI_PW_RW_WS_SC_SO_TZ_TL_TG_TV_UG","CI_LK"
"NO","Norway","AL_AD_AG_AR_AM_AT_BS_BB_BE_BZ_BO_BA_BW_BR_BN_BG_CL_CO_CR_HR_CY_CZ_DK_DM_DO_EC_SV_EE_FJ_FI_FR_GM_GE_DE_GR_GD_GT_GY_HT_HN_HK_HU_IS_ID_IE_IL_IT_JM_JP_KZ_RK_KG_LA_LV_LS_LI_LT_LU_MO_MK_MY_MT_MH_MU_MX_MD_MC_ME_MA_NA_NL_NZ_NI_PA_PY_PE_PH_PL_PT_QA_RO_SM_SN_RS_SG_SK_SI_SB_ZA_KR_ES_KN_LC_VC_SZ_SE_CH_TW_TH_TL_TO_TT_TN_TV_UA_AE_UY_VU_VA_VE_VN_UK_BY_KI_FM_PS_ST","BD_BF_KH_CV_KM_DJ_EG_ET_GW_IR_JO_KE_KW_LB_MG_MW_MV_MR_MZ_NP_OM_PW_PG_WS_SC_SR_TJ_TZ_TG_TR_UG_ZM_ZW_BJ_RW_SO_BH","AU_CA_LK_US_CI_IN"
"OM","Oman","BN_BW_BA_BY_BH_BS_DM_EC_EG_GE_HT_HK_ID_JO_RK_KW_LB_MY_MU_FM_MA_NZ_PS_PH_QA_SA_SN_RS_SG_KR_VC_TH_TN_AE_VU","CV_KH_BO_BJ_BD_AZ_AM_KM_DJ_GA_GW_IR_KE_KG_LA_MO_MG_MV_MR_MZ_NP_NI_PW_RW_WS_SC_SO_TJ_TZ_TL_TG_TR_TV_UG_UA_YE","CI_IN_LK_UK"
"PK","Pakistan","DM_HT_FM_VC_TT_VU","CV_KH_BO_KM_DJ_GW_KE_MG_MV_MR_MZ_NP_PW_QA_RW_WS_SC_SO_TZ_TL_TG_TV_UG","CI"
"PW","Palau","BG_BA_BZ_BE_AT_CO_CR_HR_CY_CZ_DK_DM_EC_EE_FJ_FI_FR_GM_DE_GR_HT_HK_HU_IS_ID_IL_IT_KI_RK_LV_LI_AD_LT_LU_MY_MT_MH_MX_FM_MC_NL_NO_PS_PA_PE_PH_PL_PT_RO_SM_SG_SK_SI_KR_ES_VC_SE_CH_UK_US_VU_VA","CV_KH_BO_BJ_BD_AM_KM_DJ_EG_GW_IR_JO_KE_LA_MO_MG_MW_MV_MR_MU_MZ_NR_NP_NI_PG_RW_WS_SC_SB_SO_LC_TZ_TL_TG_TO_TV_UG_UA_ZW","CI_IN_LK"
"PS","Palestinian Territories","BO_DM_EC_HT_ID_JO_MY_FM_NI_SG_VC_SZ_VE","BD_BJ_KH_CV_KM_DJ_GW_IR_LA_MO_MG_MV_MR_MZ_PW_RW_WS_SC_SO_LC_TZ_TL_TG_TV_UG_ZW","CI_IN_LK"
"PA","Panama","AL_AG_AR_AT_BS_BB_BY_BE_BZ_BO_BA_BR_BG_CL_CO_CR_HR_CY_CZ_DK_DM_DO_EC_SV_EE_FI_FR_GE_DE_GR_GT_GY_HN_HU_IS_ID_IE_IL_IT_JM_RK_LV_LI_LT_LU_MK_MY_MT_MX_FM_MC_ME_NL_NI_NO_PS_PY_PE_PH_PL_PT_QA_RO_RU_SM_SK_SI_ZA_KR_ES_KN_LC_VC_SE_CH_TT_TR_UA_UK_UY_VA_AD_SG","AM_BD_BJ_KH_CV_KM_DJ_EG_GW_IR_KE_LA_LB_MO_MG_MW_MV_MR_MU_MZ_NP_PW_RW_WS_SC_SO_SR_TZ_TL_TG_TV_UG_ZM_ZW_JO","CI_IN_LK"
"PG","Papua New Guinea","BW_BZ_BD_BS_AG_CO_DM_DO_EC_FJ_GM_GD_HT_HK_ID_IL_JM_KE_RK_LS_MY_MU_FM_PS_PA_PE_PH_SG_KN_VC_SZ_TZ_UK_VU","CV_KH_BO_BJ_AM_KM_DJ_EG_GW_IR_LA_MO_MG_MW_MV_MH_MR_MZ_NR_NP_NI_PW_RW_WS_SC_SB_SO_LC_TH_TL_TG_TO_TV_UG_ZW","CA_CI_IN_LK"
"PY","Paraguay","AL_AR_AT_BS_BE_BZ_BO_BA_BW_BR_BG_CL_CO_CR_HR_CY_CZ_DK_DM_DO_EC_SV_EE_FJ_FI_FR_DE_GR_GT_HT_HN_HK_HU_IS_ID_IE_IL_IT_JM_RK_LV_LI_LT_LU_MK_MY_MT_MU_MX_FM_MC_ME_NL_NI_NO_PS_PA_PE_PH_PL_PT_QA_RO_RU_SM_RS_SK_SI_ZA_KR_ES_KN_VC_SE_CH_TW_TR_UA_UK_UY_VA_VE_AD_SG","AM_BD_BJ_BF_KH_CV_KM_DJ_EG_GW_IR_KE_LA_MO_MG_MW_MV_MR_MZ_NP_OM_PW_RW_WS_SC_SO_LC_SR_TZ_TL_TG_TV_UG_ZM_ZW_JO_BH","CI_IN_LK"
"PE","Peru","AG_AR_AT_BS_BB_BY_BE_BZ_BO_BA_BW_BR_BN_BG_CL_CO_CR_HR_CY_CZ_DK_DM_DO_EC_EE_FJ_FI_FR_DE_GR_GT_GY_HT_HN_HK_HU_IS_ID_IL_IT_JM_LV_LI_LT_LU_MK_MY_MT_MX_FM_MC_ME_MA_NL_NO_PS_PA_PY_PH_PL_PT_QA_RO_RU_SM_RS_SK_SI_ZA_KR_ES_KN_VC_SE_CH_TH_TT_TR_UY_VU_VA_VE_AD_SG","AM_BD_BJ_KH_CV_KM_DJ_EG_GW_IR_KE_LA_LB_MO_MG_MW_MV_MH_MR_MU_MZ_NP_NI_PW_PG_RW_WS_SC_SO_LC_SR_TZ_TL_TG_TV_UG_UA_ZM_ZW_JO_BH","CI_IN_LK"
"PH","Philippines","KH_BN_BR_BO_CO_CR_CI_DM_EC_FJ_GM_HT_HK_ID_IL_LA_MO_MY_FM_MN_MA_MM_PS_PE_RW_SG_VC_TW_TH_VU_VN","CV_AM_KM_DJ_GW_IR_KE_KG_MG_MW_MV_MH_MR_MU_MZ_NP_NI_PW_PG_WS_SC_SO_LC_TJ_TZ_TL_TG_TT_TV_UG","IN_LK"
"PL","Poland","AL_AD_AG_AR_AM_AT_BS_BB_BE_BZ_BO_BA_BW_BR_BN_BG_CL_CO_CR_HR_CY_CZ_DK_DM_DO_EC_SV_EE_FJ_FI_FR_GM_GE_DE_GR_GD_GT_HT_HN_HK_HU_IS_ID_IE_IL_IT_JM_JP_KI_RK_KG_LV_LI_LT_LU_MO_MK_MY_MT_MH_MU_MX_MD_MC_ME_MA_NL_NZ_NI_NO_PW_PA_PY_PE_PH_PT_QA_RO_WS_SM_SN_RS_SG_SK_SI_SB_ZA_KR_ES_KN_LC_VC_SZ_SE_CH_TW_TH_TL_TO_TT_TN_TV_UA_AE_UY_VU_VA_VE_UK_BY_KZ_FM_PS_ST","BD_BF_KH_CV_KM_DJ_EG_ET_GW_IR_JO_KE_KW_LA_LB_MG_MW_MV_MR_MZ_NP_OM_PG_SC_TJ_TZ_TG_TR_UG_ZM_ZW_BJ_GA_RW_SO_BH","CA_LK_CI_IN"
"PT","Portugal","AL_AD_AG_AR_AM_AT_BS_BB_BE_BZ_BO_BA_BW_BR_BN_BG_CL_CO_CR_HR_CY_CZ_DK_DM_DO_EC_SV_EE_FJ_FI_FR_GE_DE_GR_GD_GT_GY_HT_HN_HK_HU_IS_ID_IE_IL_IT_JM_JP_KI_RK_KG_LV_LS_LI_LT_LU_MO_MK_MY_MT_MH_MU_MX_MD_MC_ME_MA_NA_NL_NZ_NI_NO_PW_PA_PY_PE_PH_PL_QA_RO_WS_SM_ST_SN_RS_SG_SK_SI_SB_ZA_KR_ES_KN_LC_VC_SZ_SE_CH_TW_TH_TL_TO_TT_TN_TV_UA_AE_UY_VU_VA_VE_UK_BY_KZ_FM_PS","BD_BF_KH_CV_KM_DJ_EG_ET_GM_GW_IR_JO_KE_KW_LA_LB_MG_MW_MV_MR_MZ_NP_OM_PG_SC_SR_TJ_TZ_TG_TR_UG_ZM_ZW_BJ_GA_RW_SO_BH","AU_CA_LK_US_CI_IN"
"QA","Qatar","BW_BA_BY_BS_AM_CO_CR_DM_DO_EC_SV_GE_GT_HT_HN_HK_ID_JO_RK_KW_LB_MY_MU_FM_ME_MA_NZ_NI_OM_PS_PA_PH_ST_RS_SG_KR_KN_VC_SD_SZ_TH_TN_TR_VU","CV_KH_BN_BO_BJ_BD_AZ_KM_DJ_GA_GW_IR_KE_LA_MO_MG_MV_MR_MZ_NP_PW_PY_RW_WS_SC_SO_TJ_TZ_TL_TG_TV_UG_UA_YE","CI_LK_UK"
"RO","Romania","AL_AD_AG_AR_AM_AT_BS_BB_BE_BZ_BA_BW_BR_BN_BG_CL_CO_CR_HR_CY_CZ_DK_DM_DO_EC_SV_EE_FJ_FI_FR_GM_GE_DE_GR_GD_GT_HT_HN_HK_HU_IS_ID_IE_IL_IT_JP_KI_RK_LV_LI_LT_LU_MO_MK_MY_MT_MH_MU_MX_MD_MC_ME_MA_NL_NZ_NI_NO_PW_PA_PY_PE_PH_PL_PT_WS_SM_SN_RS_SG_SK_SI_SB_KR_ES_KN_LC_VC_SE_CH_TW_TZ_TL_TO_TT_TN_TR_TV_UA_AE_UY_VU_VA_VE_ZM_UK_BY_KZ_FM_PS_QA_ST","BD_BO_KH_CV_KM_DJ_EG_GW_IR_JM_JO_KE_KW_KG_LA_LB_MG_MW_MV_MR_MZ_NP_OM_PG_SC_TJ_TH_TG_UG_BJ_GA_RW_ZW_SO_BH","LK_CA_CI_IN"
"RU","Russian Federation","AG_AR_AM_AZ_BS_BB_BY_BO_BA_BW_BR_BN_CL_CO_CR_CU_DM_DO_EC_SV_FJ_GM_GE_GD_GT_GY_HT_HN_HK_ID_IL_JM_KZ_KG_LA_MO_MK_MY_MU_FM_MD_MN_ME_MA_NA_NI_PS_PA_PY_PE_PH_QA_WS_ST_SN_RS_SC_ZA_KR_KN_LC_VC_SZ_TJ_TH_TT_TN_TR_UA_UY_UZ_VU_VE_VN","BH_BD_BJ_KH_CV_KM_DJ_EG_ET_GA_GW_IR_JO_KE_LB_MG_MV_MH_MR_MZ_NR_NP_PW_RW_SO_TZ_TL_TG_TO_TV_UG_AE_ZM_ZW","CI_IN_MX_LK"
"RW","Rwanda","SG_BJ_BI_CF_CD_DM_EC_GD_HT_ID_KE_MU_FM_PS_PH_SN_VC_TZ_UG_VU","BD_BO_KH_CV_KM_DJ_EG_GH_GW_JO_LA_MO_MG_MV_ML_MR_MZ_NP_NI_PW_WS_SC_SO_TL_TG_TR_TV_ZM_ZW_SS_IR","CI_IN_LK"
"KN","Saint Kitts and Nevis","AL_AG_AR_AT_BS_BD_BB_BE_BZ_BA_BW_BR_BG_CL_CO_CR_HR_CU_CY_CZ_DK_DM_DO_EC_SV_EE_FJ_FI_FR_GM_DE_GR_GD_GT_GY_HT_HN_HK_HU_IS_ID_IE_IL_IT_JM_KE_KI_RK_LV_LS_LI_LT_LU_MK_MW_MY_MT_MU_FM_MC_ME_NL_NI_NO_PS_PA_PE_PH_PL_PT_RO_SM_SN_SK_SI_KR_ES_LC_VC_SR_SE_CH_TW_TZ_TT_TN_TR_UK_UY_VU_VA_VE_ZM_ZW_AD_SG","AM_BJ_BO_KH_CV_KM_DJ_EG_GW_IR_LA_LB_MO_MG_MV_MR_MZ_NP_PW_RW_WS_SC_SB_SO_TL_TG_TO_TV_UG_JO","CI_IN_LK"
"LC","Saint Lucia","AG_AR_AT_BS_BB_BE_BZ_BA_BW_BG_CL_CO_CR_HR_CU_CY_CZ_DK_DM_DO_EC_SV_EE_FJ_FI_FR_GM_DE_GR_GD_GT_GY_HT_HN_HK_HU_IS_ID_IE_IL_IT_JM_KE_KI_RK_LV_LS_LI_LT_LU_MW_MY_MT_MU_FM_MC_ME_NL_NI_NO_PS_PA_PE_PH_PL_PT_RO_SM_SN_SK_SI_KR_ES_KN_VC_SR_SZ_SE_CH_TW_TZ_TT_TN_UK_VU_VA_VE_ZM_ZW_AD_SG","AM_BD_BJ_BO_KH_CV_KM_DJ_EG_GW_IR_LA_MO_MG_MV_MR_MZ_NP_PW_RW_WS_SC_SB_SO_TL_TG_TO_TR_TV_UG_JO","CI_IN_LK"
"WS","Samoa","BG_BW_BA_BZ_BE_BB_BD_BS_AT_AG_CO_CR_HR_CY_CZ_DK_DM_EC_EE_FJ_FI_FR_GM_DE_GR_GD_HT_HK_HU_IS_ID_IE_IT_JM_KE_KI_RK_LV_LS_LI_AD_LT_LU_MO_MW_MY_MT_MU_FM_MC_ME_NL_NO_PK_PS_PA_PE_PH_PL_PT_RO_RU_SM_SN_SG_SK_SI_KR_ES_LC_VC_SZ_SE_CH_TZ_TT_UK_VU_VA_ZM_ZW","CV_KH_BO_BJ_AM_KM_DJ_EG_GW_IR_JO_LA_LB_MG_MV_MH_MR_MZ_NR_NP_NI_PW_PG_RW_SC_SB_SO_TL_TG_TO_TV_UG_UA","CA_CI_IN_LK"
"SM","San Marino","AL_AD_AG_AR_AM_AT_BS_BB_BE_BA_BW_BR_BG_CL_CN_CO_CR_HR_CY_CZ_DK_DO_EC_SV_EE_FI_FR_GM_GE_DE_GR_GD_GT_HT_HN_HK_HU_IS_ID_IE_IL_IT_JM_JP_KE_RK_LV_LS_LI_LT_LU_MO_MK_MY_MT_MU_MX_MD_MC_ME_MA_NL_NZ_NI_NO_PA_PE_PH_PL_PT_QA_RO_SN_RS_SK_SI_ZA_KR_ES_LC_SZ_SE_CH_TW_TN_TR_UA_UY_VU_VA_VE_UK_BY_FM_PS_VC_SG_DM_ST","BD_BO_KH_CV_KM_DJ_EG_GW_IR_JO_KW_KG_LA_LB_MG_MW_MV_MR_MZ_NP_OM_PW_PG_WS_SC_SB_TZ_TH_TL_TG_TV_UG_AE_ZM_BJ_RW_ZW_SO_BH","AU_CA_LK_US_CI_IN"
"ST","Sao Tome and Principe","SG_BS_BJ_CR_DM_EC_SV_GT_HT_HN_HK_ID_RK_MY_FM_NI_PS_PA_PH_RW_VC","BD_BO_BF_KH_CV_KM_DJ_EG_GH_GW_JO_KE_LA_MO_MG_MW_MV_MR_MU_MZ_NP_PW_WS_SC_SO_LC_TZ_TL_TG_TR_TV_UG_ZM_ZW_IR","CI_LK"
"SA","Saudi Arabia","BW_BY_BH_DM_EC_EG_SV_GE_GT_HT_HN_HK_ID_JO_RK_KW_KG_LB_MY_MU_FM_MA_NZ_NI_OM_PS_PA_PH_QA_KR_KN_VC_TN_AE_VU","CV_KH_BN_BO_BJ_BD_AZ_KM_DJ_GA_GW_IR_KE_LA_MO_MG_MW_MV_MR_MZ_NP_PW_RW_WS_SC_SO_TJ_TZ_TH_TL_TG_TR_TV_UG_UA_YE","CI_LK"
"SN","Senegal","SG_BJ_BF_CV_CF_TD_CI_DM_GM_GH_GN_GW_HT_ID_LR_MY_ML_MR_FM_MA_NE_NG_PS_PH_RW_SL_VC_TG_TN","BD_BO_KH_KM_CG_DJ_EG_MO_MG_MV_MU_MZ_NP_NI_PW_WS_SC_SO_LC_TL_TR_TV_UG_ZW_IR","IN_LK"
"RS","Serbia","AL_AR_AT_BY_BE_BA_BR_BG_CL_CN_CO_CR_HR_CU_CY_CZ_DK_DM_DO_EC_EE_FJ_FI_FR_GM_GE_DE_GR_HT_HK_HU_IS_ID_IR_IL_IT_JP_KZ_RK_LV_LI_LT_LU_MO_MK_MT_FM_MD_MC_MN_ME_NL_NO_PS_PA_PE_PL_PT_RO_RU_SM_SG_SK_SI_KR_ES_VC_SZ_SE_CH_TT_TN_TR_UA_UY_VU_VA_ZM_AD","AM_BD_BJ_BO_KH_CV_KM_DJ_EG_GW_JM_JO_KE_KW_KG_LA_LB_MG_MV_MR_MU_MZ_NP_NI_OM_PW_RW_WS_SC_SO_TZ_TL_TG_TV_UG_ZW","CI_IN_LK"
"SC","Seychelles","AL_DZ_AG_AT_AD_BS_BD_BB_BY_BE_BZ_BJ_BA_BW_BR_BG_CN_CR_CI_HR_CY_CZ_DK_DM_DO_EC_EE_FJ_FI_FR_GM_GE_DE_GR_GD_HT_HK_HU_IS_ID_IE_IT_JM_KE_KI_RK_LV_LS_LI_LT_LU_MO_MK_MW_MY_MT_MU_FM_MD_MC_ME_NA_NL_NZ_NG_NO_PS_PA_PH_PL_PT_QA_RO_RU_RW_SM_SN_RS_SG_SK_SI_ZA_KR_ES_KN_LC_VC_SZ_SE_CH_TZ_TT_TN_TR_UG_AE_UK_UY_VU_VA_ZM_ZW","BO_KH_CV_KM_DJ_EG_GH_GW_IR_JO_LA_MG_MV_MH_MR_MZ_NP_NI_OM_PW_WS_SO_LK_TL_TG_TO_TV_UA","IN"
"SL","Sierra Leone","BS_BD_BB_BZ_BJ_BW_BF_CV_CI_DM_EC_FJ_GM_GH_GD_GN_GW_HT_JM_KE_KI_LS_LR_MY_ML_MU_FM_NE_NG_SN_SG_KN_VC_SZ_TG_TT_UG_VU","BO_KH_KM_DJ_MO_MG_MW_MV_MR_MZ_NP_PW_RW_WS_SC_SO_LC_TL_TR_TV_IR","IN"
"SG","Singapore","CV_KH_BF_BG_BN_BR_BW_BA_BZ_BE_BY_BB_BS_AT_AM_AR_AG_AL_CL_CN_CO_CR_CI_HR_CU_CY_CZ_DK_DJ_DM_DO_EC_SV_EE_FJ_FI_FR_GM_GE_DE_GH_GR_GD_GT_HT_HN_HK_HU_IS_ID_IE_IL_IT_JM_JP_KZ_KE_KI_RK_KG_LA_LV_LS_LI_AD_LT_LU_MO_MK_MY_MT_MU_MX_FM_MD_MC_MN_ME_MA_MM_NA_NL_NZ_NI_NO_PS_PA_PY_PE_PH_PL_PT_QA_RO_RW_SM_SN_RS_SK_SI_ZA_KR_ES_KN_LC_VC_SZ_SE_CH_TW_TZ_TH_TT_TN_TR_UG_UK_UY_UZ_VU_VA_VN_ZM_ZW","BO_BJ_BD_AZ_BH_KM_EG_GW_IR_JO_KW_LB_MG_MW_MV_MH_MR_MZ_NP_OM_PW_PG_WS_SC_SB_SO_LK_SR_TJ_TL_TG_TO_TV_UA_AE","CA_AU_IN_US"
"SK","Slovakia","AL_AD_AG_AR_AM_AT_BS_BB_BE_BZ_BO_BA_BW_BR_BN_BG_CL_CO_CR_HR_CY_CZ_DK_DM_DO_EC_SV_EE_FJ_FI_FR_GE_DE_GR_GD_GT_HT_HN_HK_HU_IS_ID_IE_IL_IT_JM_JP_KI_RK_KG_LV_LI_LT_LU_MO_MK_MY_MT_MH_MU_MX_MD_MC_ME_MA_NL_NZ_NI_NO_PW_PA_PY_PE_PH_PL_PT_RO_WS_SM_SN_RS_SG_SI_SB_KR_ES_KN_LC_VC_SZ_SE_CH_TW_TH_TL_TO_TT_TN_TR_TV_UA_AE_UY_VU_VA_VE_UK_BY_KZ_FM_PS_QA_ST","BD_BF_KH_CV_KM_DJ_EG_ET_GW_IR_JO_KE_KW_LA_LB_MG_MW_MV_MR_MZ_NP_OM_PG_SC_SR_TJ_TZ_TG_UG_ZM_ZW_BJ_GA_RW_SO_BH","CA_LK_US_CI_IN"
"SI","Slovenia","AL_AD_AG_AR_AM_AT_BS_BB_BE_BZ_BO_BA_BW_BR_BN_BG_CL_CO_CR_HR_CY_CZ_DK_DM_DO_EC_SV_EE_FJ_FI_FR_GM_GE_DE_GR_GD_GT_HT_HN_HK_HU_IS_ID_IE_IL_IT_JM_JP_KI_RK_KG_LV_LI_LT_LU_MO_MK_MY_MT_MH_MU_MX_MD_MC_ME_MA_NL_NZ_NI_NO_PW_PA_PY_PE_PH_PL_PT_RO_WS_SM_SN_RS_SG_SK_SB_KR_ES_KN_LC_VC_SZ_SE_CH_TW_TH_TL_TO_TT_TN_TR_TV_UA_AE_UY_VU_VA_VE_UK_BY_KZ_FM_PS_QA_ST","BD_BF_KH_CV_KM_DJ_EG_GW_IR_JO_KE_KW_LA_LB_MG_MW_MV_MR_MZ_NP_OM_PG_SC_SR_TJ_TZ_TG_UG_ZM_ZW_BJ_GA_RW_SO_BH","CA_LK_US_CI_IN"
"SB","Solomon Islands","BG_BW_BA_BZ_BE_BB_BS_AT_AG_CO_CR_HR_CY_CZ_DK_DM_DO_EC_SV_EE_FJ_FI_FR_GM_DE_GR_GD_GT_HT_HN_HU_IS_ID_IE_IL_IT_JM_KE_KI_RK_LV_LS_LI_AD_LT_LU_MY_MT_MU_FM_MC_NL_NI_NO_PS_PA_PE_PH_PL_PT_RO_SM_SN_SG_SK_SI_KR_ES_KN_LC_VC_SZ_SE_CH_TZ_TT_UG_UK_VU_VA_ZM_ZW","CV_KH_BO_BJ_BD_AM_KM_DJ_EG_GW_IR_JO_LA_MO_MG_MW_MV_MH_MR_MZ_NR_NP_PW_PG_RW_WS_SC_SO_TL_TG_TO_TV","CA_CI_IN_LK"
"SO","Somalia","BJ_DM_HT_MY_FM_PS_VC","BD_BO_BF_KH_CV_KM_DJ_GH_GW_LA_LB_MO_MG_MV_MR_MZ_PW_RW_WS_SC_TL_TG_TR_TV_UG","CI_LK"
"ZA","South Africa","SG_AO_AG_AR_BS_BB_BZ_BJ_BW_BR_CL_CR_DM_DO_EC_SV_FJ_GE_GD_GT_GY_HT_HN_HK_ID_IE_IL_JM_KE_RK_LS_MO_MW_MY_MU_FM_MZ_NA_NI_PS_PA_PY_PE_PH_QA_RU_SN_KR_KN_LC_VC_SZ_TZ_TH_TT_TN_UY_VU_VE_ZM_ZW","AM_BO_KH_CV_KM_DJ_ET_GA_GH_GW_JO_KG_LA_MG_MV_MH_MR_NP_OM_PW_RW_WS_SC_SO_TJ_TL_TG_TR_TV_UG_IR","CI_IN_LK"
"KR","South Korea","BG_BN_BR_BW_BA_BZ_BE_BY_BB_BS_AT_AM_AR_AG_AL_CL_CO_CR_HR_CY_CZ_DK_DM_DO_EC_SV_EE_FJ_FI_FR_GM_GE_DE_GR_GD_GT_GY_HT_HN_HK_HU_IS_ID_IE_IL_IT_JM_JP_KZ_KI_RK_KG_LA_LV_LS_LR_LI_AD_LT_LU_MO_MK_MY_MT_MU_MX_FM_MD_MC_ME_MA_NL_NZ_NI_NO_PS_PA_PY_PE_PH_PL_PT_QA_RO_RU_SM_ST_SN_RS_SG_SK_SI_ZA_ES_KN_LC_VC_SR_SZ_SE_CH_TW_TH_TT_TN_TR_UA_UK_UY_UZ_VU_VA_VE_VN","CV_KH_BO_BJ_BD_AZ_BH_KM_DJ_EG_ET_GA_GW_IR_JO_KE_KW_LB_MG_MW_MV_MH_MR_MZ_NP_OM_PW_PG_RW_WS_SC_SB_SO_TJ_TZ_TL_TG_TO_TV_UG_AE_ZM_ZW","CA_AU_CI_IN_LK_US"
"SS","South Sudan","SG_BJ_BW_BI_DM_EC_HT_MY_FM_PS_RW_VC","BD_BO_KH_CV_KM_DJ_EG_GH_GW_KE_LA_MO_MG_MV_MR_MZ_NP_PW_WS_SC_SO_TZ_TL_TG_TV_UG_IR","CI_LK"
"ES","Spain","AL_AD_AG_AR_AM_AT_BS_BB_BE_BZ_BO_BA_BW_BR_BN_BG_CL_CO_CR_HR_CY_CZ_DK_DM_DO_EC_SV_EE_FJ_FI_FR_GE_DE_GR_GD_GT_GY_HT_HN_HK_HU_IS_ID_IE_IL_IT_JM_JP_KZ_KI_RK_KG_LV_LS_LI_LT_LU_MO_MK_MY_MT_MH_MU_MX_MD_MC_ME_MA_NA_NL_NZ_NI_NO_PW_PA_PY_PE_PH_PL_PT_QA_RO_WS_SM_SN_RS_SG_SK_SI_SB_ZA_KR_KN_LC_VC_SZ_SE_CH_TW_TH_TL_TO_TT_TN_TV_UA_AE_UY_VU_VA_VE_VN_UK_BY_FM_PS_ST","BD_BF_KH_CV_KM_DJ_EG_ET_GM_GW_IR_JO_KE_KW_LA_LB_MG_MW_MV_MR_MZ_NP_OM_PG_SC_SR_TJ_TZ_TG_TR_UG_ZM_ZW_BJ_GA_RW_SO_BH","AU_CA_LK_US_CI_IN"
"LK","Sri Lanka","BB_BS_DM_EC_GM_GD_HT_ID_LS_FM_SN_SG_KN_VC_VU","CV_KH_BO_KM_DJ_GW_KE_MG_MV_MR_MU_MZ_NP_PW_RW_WS_SC_SO_TL_TG_TV_UG","CI_IN"
"VC","St. Vincent and the Grenadines","AG_AR_AT_BS_BB_BY_BE_BZ_BA_BW_BR_BG_CL_CO_CR_HR_CU_CY_CZ_DK_DM_DO_EC_SV_EE_FJ_FI_FR_GM_GE_DE_GR_GD_GT_GY_HT_HN_HK_HU_IS_ID_IE_IL_IT_JM_KE_KI_RK_LV_LS_LI_LT_LU_MW_MY_MT_MU_FM_MC_ME_NL_NI_NO_PS_PA_PE_PH_PL_PT_RO_SM_SN_RS_SK_SI_ZA_KR_ES_KN_LC_SR_SE_CH_TW_TZ_TT_UG_UK_UY_VU_VA_VE_ZM_ZW_AD_SG","AM_BD_BJ_BO_KH_CV_KM_DJ_GW_IR_LA_MO_MG_MV_MH_MR_MZ_NP_PW_RW_WS_SC_SB_SO_TL_TG_TO_TR_TV_UA_JO","CI_IN_LK"
"SD","Sudan","BJ_DM_EC_HT_MY_FM_VC","BD_BO_KH_CV_KM_DJ_ER_GH_GW_KE_LB_MO_MG_MV_MR_MZ_NP_PW_RW_WS_SC_SO_LC_TZ_TL_TG_TR_TV_UG_IR","CI"
"SR","Suriname","AG_AR_BS_BB_BZ_BR_CO_CR_DM_DO_EC_GM_GD_GY_HT_HK_ID_IL_JM_JP_MY_MU_FM_PS_PE_PH_QA_SN_RS_KR_KN_LC_VC_TT_SG","AM_BD_BJ_BO_KH_CV_KM_DJ_EG_GW_IR_KE_MO_MG_MW_MV_MR_MZ_NP_NI_OM_PW_RW_WS_SC_SO_TZ_TL_TG_TV_UG_ZM_ZW_JO_BH","CI_IN_LK"
"SZ","Swaziland","SG_AG_BS_BB_BZ_BJ_BW_DM_EC_FJ_GM_GH_GD_GY_HT_HK_ID_IE_IL_JM_KE_RK_LS_MW_MY_MU_FM_MZ_NA_PS_PH_SN_ZA_KR_KN_LC_VC_TZ_TT_UG_VU_ZM_ZW","BD_BO_KH_CV_KM_DJ_GW_JO_KW_MO_MG_MV_MR_NI_PW_RW_WS_SC_SO_TL_TG_TR_TV_IR","CI_IN_LK"
"SE","Sweden","AL_AD_AG_AR_AM_AT_BS_BB_BE_BZ_BO_BA_BW_BR_BN_BG_CL_CO_CR_HR_CY_CZ_DK_DM_DO_EC_SV_EE_FJ_FI_FR_GM_GE_DE_GR_GD_GT_GY_HT_HN_HK_HU_IS_ID_IE_IL_IT_JM_JP_KZ_KI_RK_KG_LA_LV_LS_LI_LT_LU_MO_MK_MY_MT_MH_MU_MX_MD_MC_ME_MA_NA_NL_NZ_NI_NO_PW_PA_PY_PE_PH_PL_PT_QA_RO_WS_SM_SN_RS_SG_SK_SI_SB_ZA_KR_ES_KN_LC_VC_SZ_CH_TW_TH_TL_TO_TT_TN_TR_TV_UA_AE_UY_VU_VA_VE_VN_UK_BY_FM_PS_ST","BD_BF_KH_CV_KM_DJ_EG_ET_GW_IR_JO_KE_KW_LB_MG_MW_MV_MR_MZ_NP_OM_PG_RW_SC_SR_TJ_TZ_TG_UG_ZM_ZW_BJ_GA_SO_BH","AU_CA_LK_US_CI_IN"
"CH","Switzerland","AL_AD_AG_AR_AM_AT_BS_BB_BE_BZ_BO_BA_BW_BR_BN_BG_CL_CO_CR_HR_CY_CZ_DK_DM_DO_EC_SV_EE_FJ_FI_FR_GM_GE_DE_GR_GD_GT_GY_HT_HN_HK_HU_IS_ID_IE_IL_IT_JM_JP_KZ_KI_RK_KG_LA_LV_LS_LI_LT_LU_MO_MK_MY_MT_MH_MU_MX_MD_MC_ME_MA_NA_NL_NZ_NI_NO_PA_PY_PE_PH_PL_PT_QA_RO_SM_SN_RS_SG_SK_SI_SB_ZA_KR_ES_KN_LC_SZ_SE_TW_TH_TL_TO_TT_TN_TR_TV_UA_AE_UY_VU_VA_VE_UK_BY_FM_PS_VC_ST","BD_BF_KH_CV_KM_DJ_EG_ET_GW_IR_JO_KE_KW_LB_MG_MW_MV_MR_MZ_NP_OM_PW_PG_WS_SC_SR_TJ_TZ_TG_UG_ZM_ZW_BJ_RW_SO_BH","AU_CA_LK_US_CI_IN"
"SY","Syria","DM_EC_HT_IR_MY_MR_FM_PS_SD","CV_KH_BO_BD_KM_DJ_GW_LB_MO_MG_MV_MZ_PW_RW_WS_SC_SO_TZ_TL_TG_TV_UG_YE","CI"
"TW","Taiwan","BG_BA_BZ_BE_AT_AL_CL_CO_CR_HR_CY_CZ_DK_DM_DO_EC_SV_EE_FJ_FI_FR_GM_DE_GR_GT_HT_HN_HU_IS_ID_IE_IL_IT_JP_KI_RK_LV_LI_AD_LT_LU_MO_MK_MY_MT_FM_MC_ME_NL_NZ_NI_NO_PS_PA_PY_PE_PL_PT_RO_SM_SG_SK_SI_KR_ES_KN_LC_VC_SZ_SE_CH_UK_VU_VA","CV_KH_BF_BN_BO_BJ_BD_AM_CN_KM_DJ_EG_ET_GW_IR_JO_KE_LA_MG_MW_MV_MH_MR_MU_MZ_NR_NP_OM_PW_PG_QA_RW_WS_SC_SB_SO_TZ_TH_TL_TG_TV_UG_UA","CA_AU_CI_IN_PH_LK_US"
"TJ","Tajikistan","BY_BB_AZ_AM_AG_DM_EC_GE_HT_ID_KZ_KG_MY_FM_MD_NA_PS_PH_RU_VC_TR_UA","CV_KH_BO_BJ_BD_KM_DJ_GW_IR_JM_JO_LA_LB_MO_MG_MV_MH_MR_MU_MZ_NP_NI_PW_RW_WS_SC_SO_TL_TG_TV_UG_ZW","CI_IN_LK"
"TZ","Tanzania","SG_AG_BS_BD_BB_BZ_BJ_BW_BI_DM_EC_FJ_GM_GD_GN_HT_HK_ID_JM_KE_LS_MO_MW_MY_MU_FM_MZ_NA_PH_RW_ZA_KN_LC_VC_SZ_UG_VU_ZM_ZW","BO_KH_CV_KM_CD_DJ_GH_GW_LA_MG_MV_MR_NP_NI_PW_WS_SC_SO_TL_TG_TR_TV_SS_IR","CI_IN_LK"
"TH","Thailand","KH_BN_BR_AR_CL_DM_DO_EC_FJ_GE_HT_HK_ID_JP_LA_MO_MY_FM_MN_MM_PS_PA_PE_PH_QA_RU_SN_SG_ZA_KR_VC_TW_TR_VU_VN","CV_BO_BJ_AM_BH_KM_DJ_ET_GW_IR_JO_KE_KG_MG_MW_MV_MH_MR_MU_MZ_NP_NI_OM_PW_PG_RW_WS_SC_SB_SO_LC_TJ_TZ_TL_TG_TV_UG_ZM","CI_IN_LK"
"TL","Timor-Leste","BG_BA_BE_BB_AT_HR_CY_CZ_DK_DM_EC_EE_FI_FR_GM_DE_GR_HT_HK_HU_IS_ID_IT_RK_LV_LI_AD_LT_LU_MY_MT_FM_MC_ME_NL_NO_PS_PL_PT_RO_SM_ST_SN_SG_SK_SI_ES_VC_SZ_SE_CH_UK_VA","CV_KH_BO_BJ_BD_AM_KM_DJ_EG_GW_IR_JO_KE_LA_MO_MG_MW_MV_MR_MU_MZ_NP_PW_RW_WS_SC_SO_LC_TZ_TG_TV_UG_UA","CI_IN_LK"
"TG","Togo","BJ_BF_CV_TD_CI_DM_EC_GM_GH_GN_GW_HT_ID_LR_MY_ML_FM_NE_NG_PH_SN_SL_VC_SG","BD_BO_KH_KM_CG_DJ_KE_LA_MO_MG_MV_MR_MU_MZ_NP_NI_PW_RW_WS_SC_SO_LC_TZ_TL_TR_TV_UG_IR","LK"
"TO","Tonga","BG_BW_BA_BZ_BE_BB_BD_BS_AT_CL_CN_CR_HR_CY_CZ_DK_DM_DO_EC_EE_FJ_FI_FR_GM_DE_GR_GD_HT_HK_HU_IS_ID_IE_IL_IT_JM_KE_KI_RK_LV_LS_LI_AD_LT_LU_MY_MT_MU_FM_MC_NL_NO_PK_PS_PA_PE_PL_PT_RO_SM_SG_SK_SI_KR_ES_KN_LC_VC_SZ_SE_CH_TZ_TT_UG_UK_VU_VA_ZM_ZW","CV_KH_BO_BJ_AM_KM_DJ_EG_GW_IR_JO_MO_MG_MW_MV_MH_MR_MZ_NR_NP_NI_PW_PG_RW_WS_SC_SB_SO_TL_TG_TV","CI_IN_LK"
"TT","Trinidad and Tobago","AG_AR_AT_BS_BB_BE_BZ_BA_BW_BR_BG_CL_CO_CR_HR_CY_CZ_DK_DM_DO_EC_SV_EE_FJ_FI_FR_GM_DE_GH_GR_GD_GT_GY_HT_HN_HK_HU_IS_ID_IE_IL_IT_JM_KE_KI_RK_LV_LS_LI_LT_LU_MW_MY_MT_MU_MX_FM_MC_ME_NL_NI_NO_PK_PS_PA_PE_PH_PL_PT_RO_SM_SK_SI_ZA_KR_ES_KN_LC_VC_SR_SZ_SE_CH_TZ_TR_UK_UY_VU_VA_VE_ZM_ZW_AD_SG","AM_BD_BJ_BO_KH_CV_KM_DJ_EG_GW_IR_LA_MO_MG_MV_MR_MZ_NP_PW_RW_WS_SC_SB_SO_TL_TG_TV_UG_UA_JO","CI_IN_LK"
"TN","Tunisia","DZ_BB_BZ_BJ_BR_CI_DM_EC_GQ_FJ_GA_GN_HT_HK_ID_JP_KI_LY_MY_ML_MR_MU_FM_MA_NE_PS_PH_SN_RS_KR_VC_TR_VU","BD_BO_BF_KH_CV_KM_DJ_GH_GW_JO_KE_LA_LB_MO_MG_MV_MZ_NP_NI_PW_RW_WS_SC_SO_TJ_TZ_TL_TG_TV_UG_IR","LK"
"TR","Turkey","AL_AG_AR_BS_BB_BY_BZ_BO_BA_BW_BR_BN_CL_CO_CR_DM_DO_EC_SV_FJ_GM_GE_GT_HT_HN_HK_ID_IR_IQ_JM_JP_JO_KZ_RK_KG_MO_MK_MY_MU_FM_MD_MN_ME_MA_NI_PS_PA_PY_PE_PH_QA_ST_SN_RS_SG_ZA_KR_KN_LC_VC_SZ_TH_TT_TN_UA_UY_UZ_VU_VE","BH_AM_AZ_BD_BJ_KH_CV_KM_DJ_GA_GW_KE_KW_LB_LY_MG_MV_MH_MR_MZ_NP_OM_PW_RW_WS_SC_SO_SD_SR_TW_TJ_TZ_TL_TG_TO_TV_UG_ZM_ZW","CI_MX_LK"
"TM","Turkmenistan","BB_AG_DM_EC_GM_GE_HT_ID_MY_FM_NA_PS_PH_VC_TR","CV_KH_BO_BJ_BD_AM_KM_DJ_GW_IR_JM_JO_KE_LA_LB_MO_MG_MV_MH_MR_MU_MZ_NP_NI_PW_RW_WS_SC_SO_TJ_TL_TG_TV_UG_ZW","CI_LK"
"TV","Tuvalu","BG_BW_BA_BZ_BE_BB_BS_AT_AG_CR_HR_CY_CZ_DK_DM_DO_EC_SV_EE_FJ_FI_FR_GM_DE_GR_GD_GT_HT_HN_HK_HU_IS_ID_IE_IT_JM_KE_KI_RK_LV_LS_LI_AD_LT_LU_MW_MY_MT_MU_FM_MC_NL_NI_NO_PS_PA_PE_PL_PT_RO_SM_SN_SG_SK_SI_KR_ES_KN_LC_VC_SZ_SE_CH_TZ_TT_UK_VU_VA_ZM_ZW","CV_KH_BO_BJ_BD_AM_KM_DJ_EG_GW_IR_JO_LA_MO_MG_MV_MH_MR_MZ_NR_NP_PW_PG_PH_RW_WS_SC_SB_SO_TL_TG_TO_UG_UA","CI_IN_LK"
"UG","Uganda","AG_BS_BB_BZ_BJ_BW_BI_DM_EC_ER_FJ_GM_GD_HT_HK_ID_JM_KE_LS_MW_MY_MU_FM_PH_RW_SN_KN_VC_SZ_TZ_VU_ZM_ZW_SG","BD_BO_KH_CV_KM_DJ_GH_GW_LA_MO_MG_MV_MR_MZ_NP_NI_PW_WS_SC_SO_LC_TL_TG_TR_TV_SS_IR","CI"
"UA","Ukraine","AL_AG_AR_AM_AT_AZ_BB_BY_BE_BA_BR_BN_BG_CL_CR_HR_CY_CZ_DK_DM_DO_EC_SV_EE_FJ_FI_FR_GE_DE_GR_GT_HT_HN_HK_HU_IS_ID_IL_IT_JM_KZ_KG_LV_LI_LT_LU_MK_MY_MT_MU_FM_MD_MC_MN_ME_NA_NL_NI_NO_PS_PA_PY_PE_PL_PT_QA_RO_RU_SM_SN_RS_SK_SI_ES_KN_VC_SZ_SE_CH_TJ_TR_AE_UZ_VU_VA_AD","BD_BJ_BO_KH_CV_KM_DJ_EG_GW_IR_JO_KE_LA_LB_MO_MG_MV_MH_MR_MZ_NP_PW_RW_WS_SC_SO_TZ_TH_TL_TG_TO_TV_UG_ZM_ZW","CI_IN_MX_LK"
"AE","United Arab Emirates","TD_BF_BG_BN_BW_BA_BE_BY_BH_BS_AT_AR_AL_CL_CN_CO_CR_HR_CY_CZ_DK_DM_DO_EC_EG_SV_EE_FJ_FI_FR_GM_GE_DE_GR_GD_GT_HT_HK_HU_IS_ID_IE_IT_JO_KZ_RK_KW_KG_LV_LB_LI_AD_LT_LU_MK_MY_ML_MT_MU_FM_MD_MC_ME_MA_NR_NL_NZ_NI_NO_OM_PS_PA_PH_PL_PT_QA_RO_SM_ST_SA_SN_RS_SC_SG_SK_SI_SB_KR_ES_KN_LC_VC_SD_SZ_SE_CH_SY_TH_TN_UA_VU_VA","CV_KH_BO_BJ_BD_AZ_AM_KM_DJ_GA_GW_IR_KE_LA_MO_MG_MV_MH_MR_MZ_NP_PW_PY_RW_WS_SO_TJ_TZ_TL_TG_TR_TV_UG_YE_ZM_ZW","CI_IN_LK_UK"
"UK","United Kingdom","AL_AD_AG_AR_AM_AT_BS_BB_BE_BZ_BO_BA_BW_BR_BN_BG_CL_CO_CR_HR_CY_CZ_DK_DM_DO_EC_SV_EE_FJ_FI_FR_GM_GE_DE_GR_GD_GT_GY_HT_HN_HK_HU_IS_ID_IE_IL_IT_JM_JP_KZ_KI_RK_KG_LV_LS_LI_LT_LU_MO_MK_MY_MT_MU_MX_MD_MC_ME_MA_NA_NL_NZ_NI_NO_PA_PY_PE_PH_PL_PT_QA_RO_SM_SG_SN_RS_SK_SI_ZA_KR_ES_KN_LC_VC_SZ_SE_CH_TW_TH_TT_TN_UA_UY_VU_VA_VE_VN_ZM_BY_FM_PS_ST","BD_BF_KH_CV_KM_DJ_EG_ET_GW_JO_KE_KW_LA_LB_MG_MW_MV_MH_MR_MZ_NP_OM_PW_PG_RW_WS_SC_SB_SR_TJ_TZ_TL_TG_TO_TR_TV_UG_AE_ZW_BJ_GA_SO_BH","AU_CA_LK_US_CI_IN"
"US","United States of America","AL_AG_AR_AM_AT_BS_BB_BY_BE_BZ_BA_BW_BN_BG_CA_CF_CL_CO_CR_HR_CY_CZ_DK_DM_DO_EC_SV_GQ_EE_FJ_FI_FR_GE_DE_GR_GD_GT_GY_HT_HN_HK_HU_IS_ID_IE_IL_IT_JM_JP_KZ_KI_RK_KG_LV_LS_LI_LT_LU_MO_MK_MY_MT_MH_MU_MX_FM_MD_MC_MN_ME_MA_NA_NL_NZ_NI_NO_PW_PS_PA_PE_PH_PL_PT_QA_RO_SM_ST_SN_RS_SK_SI_ZA_KR_ES_KN_LC_VC_SZ_SE_CH_TW_TH_TT_TN_UA_UK_UY_VU_VA_AD_SG","BD_BJ_BO_BF_KH_CV_KM_DJ_EG_ET_GA_GM_GW_KE_KW_LA_LB_MG_MW_MV_MR_MZ_NP_OM_PG_PY_RW_WS_SC_SB_SO_SR_TJ_TZ_TL_TG_TO_TR_TV_UG_AE_ZM_ZW_JO_BH","AU_CI_IN_LK"
"UY","Uruguay","AL_AR_AM_AT_BS_BB_BY_BE_BZ_BO_BA_BW_BR_BG_CL_CO_CR_HR_CY_CZ_DK_DM_DO_EC_SV_EE_FJ_FI_FR_GE_DE_GR_GT_GY_HT_HN_HK_HU_IS_ID_IE_IL_IT_JM_JP_RK_LV_LI_LT_LU_MO_MK_MY_MT_MX_FM_MC_ME_NL_NZ_NI_NO_PS_PA_PY_PE_PH_PL_PT_QA_RO_RU_SM_RS_SK_SI_ZA_KR_ES_KN_LC_VC_SZ_SE_CH_TT_TR_UK_VU_VA_VE_AD_SG","BD_BJ_KH_CV_KM_DJ_EG_GW_IR_KE_LA_MG_MW_MV_MH_MR_MU_MZ_NP_OM_PW_PG_RW_WS_SC_SO_SR_TZ_TL_TG_TV_UG_ZM_ZW_JO_BH","CI_IN_LK"
"UZ","Uzbekistan","BY_BB_AZ_AM_AG_DM_EC_GE_HT_ID_KZ_KG_MY_FM_MD_NA_PS_PH_RU_VC_TJ_TR_UA","CV_KH_BO_BJ_KM_DJ_GW_IR_JM_JO_KE_LA_LB_MO_MG_MV_MR_MU_MZ_NP_NI_PW_RW_WS_SC_SO_TH_TL_TG_TV_UG_ZW","CI_IN_LK"
"VU","Vanuatu","BG_BW_BA_BZ_BE_BY_BB_BS_AT_AG_CR_HR_CY_CZ_DK_DM_DO_EC_SV_EE_FJ_FI_FR_GM_DE_GR_GD_GT_HT_HN_HK_HU_IS_ID_IE_IL_IT_JM_KE_KI_RK_LV_LS_LI_AD_LT_LU_MY_MT_MU_FM_MC_ME_NL_NI_NO_PS_PA_PE_PH_PL_PT_RO_RU_SM_SN_SG_SK_SI_ES_KN_LC_VC_SZ_SE_CH_TZ_TT_UG_UK_VA_ZM_ZW","CV_KH_BO_BJ_BD_AM_KM_DJ_EG_GW_IR_JO_LA_MO_MG_MW_MV_MH_MR_MZ_NR_NP_PW_PG_RW_WS_SC_SB_SO_TL_TG_TO_TV_UA","CI_IN_LK"
"VA","Vatican City","AL_AD_AG_AR_AM_AT_BS_BE_BZ_BO_BA_BW_BR_BG_CL_CO_CR_HR_CY_CZ_DK_DO_EC_SV_EE_FJ_FI_FR_GM_GE_DE_GR_GD_GT_HT_HN_HK_HU_IS_ID_IE_IL_IT_RK_KG_LV_LI_LT_LU_MK_MY_MT_MU_MD_MC_ME_NL_NZ_NI_NO_PA_PE_PH_PL_PT_QA_RO_SM_SN_RS_SK_SI_KR_ES_KN_SZ_SE_CH_TW_TN_TR_UA_VU_UK_BY_FM_PS_VC_SG_DM_ST","ZM_BD_KH_CV_KM_DJ_EG_GW_IR_JO_KE_KW_LA_MO_MG_MW_MV_MH_MR_MZ_NP_OM_PW_PG_WS_SC_TJ_TZ_TL_TG_TV_UG_AE_ZW_BJ_RW_SO_BH","AU_CA_LK_CI_IN"
"VE","Venezuela","AL_AG_AR_AT_BS_BB_BY_BE_BZ_BO_BA_BW_BR_BG_CL_CO_CR_HR_CY_CZ_DK_DM_DO_EC_EE_FJ_FI_FR_GM_DE_GR_GD_GT_HT_HK_HU_IS_ID_IR_IT_JM_RK_LV_LI_LT_LU_MK_MY_MT_MX_FM_MC_ME_MA_NL_NO_PS_PY_PE_PH_PL_PT_QA_RO_RU_SM_SK_ZA_KR_ES_KN_LC_VC_SE_CH_TT_TR_UY_VA_AD_SI_SG","AM_BD_BJ_BF_KH_CV_KM_DJ_EG_GW_KE_KG_LA_LB_MO_MG_MW_MV_MR_MU_MZ_NP_OM_PW_RW_WS_SC_SO_SR_TJ_TZ_TL_TG_TV_UG_ZM_ZW_JO_BH","CI_IN_LK"
"VN","Viet Nam","KH_BN_CL_DM_EC_HT_ID_KG_LA_MY_FM_MM_PS_PA_PH_SG_VC_TH","CV_BO_BJ_KM_DJ_GW_IR_KE_KW_MG_MW_MV_MH_MR_MU_MZ_NP_PW_RW_WS_SC_SO_LC_TJ_TZ_TL_TG_TV_UG_ZM","CI_IN_LK"
"YE","Yemen","DM_EC_HT_MY_FM_PS_VC_SD","CV_KH_BO_BJ_KM_DJ_EG_GW_IR_LA_LB_MO_MG_MV_MR_MZ_NP_PW_RW_WS_SC_SO_TJ_TZ_TL_TG_TR_TV_UG","CI_LK"
"ZM","Zambia","AG_BS_BD_BB_BZ_BJ_BW_DM_EC_FJ_GM_GD_HT_HK_ID_JM_KE_KI_LS_MW_MY_MU_FM_MZ_NA_PH_SN_ZA_KN_LC_VC_SZ_TZ_TT_UG_VU_ZW_SG","BO_KH_CV_KM_DJ_GH_GW_MO_MG_MV_MR_NP_NI_PW_RW_WS_SC_SO_TL_TG_TV_IR","CI_IN_LK"
"ZW","Zimbabwe","BS_BB_BZ_BJ_BW_CD_DM_EC_FJ_GM_HT_HK_ID_KE_KI_LS_MW_MY_MU_FM_MZ_NA_PS_PH_SN_ZA_KN_VC_SZ_TT_UG_VU_ZM_SG","BD_BO_KH_CV_KM_DJ_GH_GW_JO_MO_MG_MV_MR_NI_PW_RW_WS_SC_SO_LC_TZ_TL_TG_TR_TV_IR","CI_IN_LK"